id,Timestamps,ampere,wattage_kwh,pf
793,22-08-2024 13:52,92.6,11.32,0.896
794,22-08-2024 13:57,12.42,84.64,0.933
795,22-08-2024 14:02,11.24,76.6,0.931
796,22-08-2024 14:07,12.2,83.38,0.935
797,22-08-2024 14:22,12.49,84.33,0.937
798,22-08-2024 14:27,12.47,61.8,0.938
799,22-08-2024 14:32,0.6,79.26,0.896
800,22-08-2024 14:47,11.85,79.17,0.937
801,22-08-2024 14:52,11.82,78.61,0.931
802,22-08-2024 14:57,12.06,80.29,0.935
803,22-08-2024 15:02,11.43,75.83,0.93
804,22-08-2024 15:07,11.55,76.84,0.093
805,22-08-2024 15:12,11.55,76.71,0.93
806,22-08-2024 15:17,11.49,76.8,0.933
807,22-08-2024 15:22,26.1,79.59,0.093
808,22-08-2024 15:37,11.38,76.12,0.931
809,22-08-2024 15:42,11,73.87,0.927
810,22-08-2024 15:47,11.99,80.72,0.934
811,22-08-2024 15:57,82.6,11.95,0.896
812,22-08-2024 16:02,11.31,76.21,0.929
813,22-08-2024 16:07,10.93,73.06,0.921
814,22-08-2024 16:22,10,62.53,0.934
815,22-08-2024 16:27,2.6,16.9,0.896
816,22-08-2024 16:32,10.39,70.61,0.939
817,22-08-2024 16:37,0.6,99.51,0.896
818,22-08-2024 16:42,9.6,20.89,0.896
819,22-08-2024 16:47,95.8,64.43,0.928
820,22-08-2024 16:52,2.6,50.9,0.906
821,22-08-2024 16:57,0.6,59.09,0.896
822,22-08-2024 17:02,9.6,56.1,0.528
823,22-08-2024 17:17,48.7,32.97,0.936
824,22-08-2024 17:22,42.8,29.12,0.934
825,22-08-2024 17:25,22.6,30.89,0.025
826,22-08-2024 17:34,48.9,33.37,0.932
827,22-08-2024 17:39,58.3,40.35,0.944
828,22-08-2024 17:54,45.7,30.88,0.926
829,22-08-2024 17:59,49.2,33.65,0.94
830,22-08-2024 18:04,46.5,31.68,0.935
831,22-08-2024 18:09,46.7,31.86,0.935
832,22-08-2024 18:14,92.6,44.55,0.896
833,22-08-2024 18:19,39.4,26.46,0.922
834,22-08-2024 18:24,38.9,25.15,0.896
835,22-08-2024 18:29,34.9,24.14,0.946
836,22-08-2024 18:39,34.5,23.7,0.938
837,22-08-2024 18:44,35.6,24.53,0.943
838,22-08-2024 18:49,32,22,0.938
839,22-08-2024 18:54,9.6,32.36,0.896
840,22-08-2024 18:59,34.2,23.04,0.92
841,22-08-2024 19:04,33.6,23.09,0.935
842,22-08-2024 19:19,32.3,21.85,0.946
843,22-08-2024 19:24,33,22.9,0.944
844,22-08-2024 19:30,29,19.68,0.944
845,22-08-2024 19:35,30.2,20.73,0.934
846,22-08-2024 19:40,0.6,28.16,0.896
847,22-08-2024 19:44,19.18,93.5,0.896
848,22-08-2024 19:48,27.5,18.67,0.937
849,22-08-2024 20:02,30,20.23,0.947
850,22-08-2024 20:07,21.5,95,0.261
851,23-08-2024 10:10,10.06,67.41,0.937
852,23-08-2024 10:31,11.14,75.31,0.06
853,23-08-2024 10:36,11.42,77.49,0.948
854,23-08-2024 10:41,11.61,78.66,0.947
855,23-08-2024 10:46,10.24,72.38,0.943
856,23-08-2024 10:51,11.06,74.21,0.939
857,23-08-2024 11:01,11.45,77.06,0.94
858,23-08-2024 11:16,6.2,11.21,0.944
859,23-08-2024 11:21,11.07,74.34,0.937
860,23-08-2024 11:27,11.35,77.08,0.949
861,23-08-2024 11:32,10.8,73.09,0.945
862,23-08-2024 11:36,10.16,66.37,0.944
863,23-08-2024 11:41,9.93,66.98,0.936
864,23-08-2024 11:46,9.98,66,0.942
865,23-08-2024 11:53,0.3,77.52,0.944
866,23-08-2024 11:54,96.5,65.5,0.941
867,23-08-2024 12:01,11.27,77.19,0.952
868,23-08-2024 12:06,86,95.7,0.896
869,23-08-2024 12:09,94.8,19.29,0.949
870,23-08-2024 12:15,10.45,71.21,0.095
871,23-08-2024 12:20,11.25,78.16,0.946
872,23-08-2024 12:21,93.9,63.67,0.942
873,23-08-2024 12:33,11.44,78.18,0.962
874,23-08-2024 12:38,11.4,77.28,0.956
875,23-08-2024 12:43,11.49,78.25,0.961
876,23-08-2024 12:53,66.8,95.1,0.896
877,23-08-2024 13:03,10.27,69.58,0.948
878,23-08-2024 13:08,95.3,64.18,0.94
879,23-08-2024 13:13,89.8,60.1,0.937
880,23-08-2024 13:18,9.8,66.01,0.942
881,23-08-2024 13:23,96.9,65.7,0.939
882,23-08-2024 13:28,96.4,65.22,0.944
883,23-08-2024 13:38,93.1,62.41,0.938
884,23-08-2024 13:43,94.4,63.79,0.947
885,23-08-2024 13:53,0.6,10.41,0.896
886,23-08-2024 14:18,41.1,10.97,0.952
887,23-08-2024 14:23,41,10.94,0.953
888,23-08-2024 14:33,23.7,10.67,0.896
889,23-08-2024 14:38,23.6,10.6,0.896
890,23-08-2024 14:43,23.6,11.8,0.896
891,23-08-2024 14:48,12.46,83.89,0.95
892,23-08-2024 14:53,10.27,72.25,0.948
893,23-08-2024 15:08,9.5,94.7,0.896
894,23-08-2024 15:13,25.6,95.7,0.95
895,23-08-2024 15:18,9.7,94,0.949
896,23-08-2024 16:03,41.8,12.16,0.954
897,23-08-2024 16:09,41.7,11.28,0.949
898,23-08-2024 16:14,41.7,10.91,0.943
899,23-08-2024 16:45,99,82.5,0.945
900,23-08-2024 16:52,96.9,66.6,0.953
901,23-08-2024 17:02,71.4,49.33,0.956
902,23-08-2024 17:07,67.9,46.95,0.956
903,23-08-2024 17:12,63.5,43.74,0.952
904,23-08-2024 17:17,49.5,34.16,0.953
905,23-08-2024 17:22,50.8,34.81,0.948
906,23-08-2024 17:27,53.5,36.5,0.947
907,23-08-2024 17:32,53.5,36.59,0.948
908,23-08-2024 17:47,46.5,31.9,0.947
909,23-08-2024 17:52,54,36.93,0.943
910,23-08-2024 17:57,0.6,44.9,0.896
911,23-08-2024 18:02,42,28.34,0.927
912,23-08-2024 18:07,36.2,24.53,0.929
913,23-08-2024 18:12,40.9,27.98,0.938
914,23-08-2024 18:17,42.4,32.43,0.937
915,23-08-2024 18:32,34.2,23.96,0.958
916,23-08-2024 18:37,32.6,22.44,0.944
917,23-08-2024 20:01,24.5,16.81,0.943
918,23-08-2024 20:02,26.5,18.39,0.942
919,23-08-2024 20:09,26.2,18.05,0.936
920,23-08-2024 20:14,24.3,16.83,0.937
921,23-08-2024 20:19,26.6,65.1,0.896
922,23-08-2024 20:19,19.68,14.32,0.999
923,23-08-2024 20:26,20.7,14.98,0.099
924,23-08-2024 20:41,19.42,14.06,0.999
925,23-08-2024 20:46,20.9,15.14,0.992
926,23-08-2024 20:51,18.96,13.69,0.999
927,23-08-2024 20:56,18.97,13.69,0.999
928,23-08-2024 21:11,20.8,15.06,0.896
929,23-08-2024 21:11,21,14.61,0.998
930,23-08-2024 21:24,20.8,15.06,0.991
931,23-08-2024 21:29,18.95,13.72,0.999
932,23-08-2024 21:34,18.93,13.72,0.999
933,23-08-2024 21:39,18.93,13.71,0.999
934,23-08-2024 21:44,18.87,13.66,0.999
935,23-08-2024 21:49,26.6,20.7,0.896
936,23-08-2024 21:59,17.96,12.97,0.999
937,23-08-2024 22:04,16.31,11.72,0.984
938,23-08-2024 22:09,16.16,11.62,0.984
939,23-08-2024 22:14,17.16,2.1,0.86
940,23-08-2024 22:19,15.49,11.09,0.981
941,23-08-2024 22:22,18.06,12.57,0.993
942,23-08-2024 22:28,15.69,10.95,0.998
943,23-08-2024 22:43,15.66,10.9,0.998
944,23-08-2024 22:48,15.65,10.92,0.998
945,23-08-2024 22:53,15.66,10.97,0.997
946,23-08-2024 22:58,17.5,12.26,0.986
947,23-08-2024 23:03,12.3,11.95,0.999
948,23-08-2024 23:03,86.6,10.91,0.896
949,23-08-2024 23:12,15.59,14.15,0.896
950,23-08-2024 23:21,16.36,11.34,0.985
951,23-08-2024 23:26,15.59,10.98,0.983
952,23-08-2024 23:31,15.58,10.96,0.983
953,23-08-2024 23:36,17.44,12.3,0.985
954,23-08-2024 23:51,15.52,10.96,0.983
955,23-08-2024 23:56,15.51,10.97,0.983
956,24-08-2024 00:01,15.5,10.99,0.896
957,24-08-2024 00:06,15.49,10.98,0.982
958,24-08-2024 00:11,15.46,10.96,0.997
959,24-08-2024 00:16,28.6,56.01,0.896
960,24-08-2024 00:21,17.28,12.32,0.896
961,24-08-2024 00:26,28.6,60.1,0.251
962,24-08-2024 00:31,15.81,21.1,0.86
963,24-08-2024 00:36,28.6,15.42,0.896
964,24-08-2024 00:51,28.6,17.17,0.896
965,24-08-2024 00:57,17.31,12.47,0.985
966,24-08-2024 01:02,15.39,28.6,0.896
967,24-08-2024 01:07,28.6,90.11,0.896
968,24-08-2024 01:17,15.4,10.8,0.098
969,24-08-2024 01:22,15.39,10.8,0.981
970,24-08-2024 01:27,17.16,12.43,0.985
971,24-08-2024 01:32,15.38,11.09,0.981
972,24-08-2024 01:37,28.6,60.11,0.896
973,24-08-2024 01:57,28.6,11.1,0.896
974,24-08-2024 02:07,15.38,60.11,0.981
975,24-08-2024 02:12,8.6,22.1,0.896
976,24-08-2024 02:37,18.39,13.29,0.979
977,24-08-2024 02:57,15.25,11.05,0.981
978,24-08-2024 03:02,16.49,16.11,0.979
979,24-08-2024 03:07,15.27,10.5,0.981
980,24-08-2024 03:12,12.36,98.4,0.896
981,24-08-2024 03:17,15.24,11.04,0.981
982,24-08-2024 03:22,15.26,50.11,0.981
983,24-08-2024 03:27,17.01,12.36,0.984
984,24-08-2024 03:47,15.23,28.6,0.896
985,24-08-2024 03:52,28.6,15.24,0.896
986,24-08-2024 03:57,17,12.38,0.984
987,24-08-2024 04:02,15.88,11.55,0.983
988,24-08-2024 04:07,15.23,28.6,0.896
989,24-08-2024 04:12,15.27,10.99,0.981
990,24-08-2024 04:17,15.24,90.11,0.896
991,24-08-2024 04:22,14.78,10.97,0.999
992,24-08-2024 04:27,58.6,12.21,0.896
993,24-08-2024 04:42,28.6,68.01,0.896
994,24-08-2024 04:47,15.38,10.9,0.979
995,24-08-2024 04:52,15.39,16.01,0.979
996,24-08-2024 05:02,17.21,12.27,0.983
997,24-08-2024 05:07,6.6,10.93,0.251
998,24-08-2024 05:12,15.43,10.94,0.98
999,24-08-2024 05:17,26,25.1,0.979
1000,24-08-2024 05:22,15.41,10.91,0.979
1001,24-08-2024 05:27,17.25,12.23,0.98
1002,24-08-2024 10:57,10.03,66.58,0.94
1003,24-08-2024 11:03,8.6,29.59,0.266
1004,24-08-2024 11:08,10.06,66.49,0.936
1005,24-08-2024 11:13,192.6,99.99,0.896
1006,24-08-2024 11:18,2.6,10.58,0.896
1007,24-08-2024 11:23,2.6,20,0.896
1008,24-08-2024 11:39,72.7,92.8,0.711
1009,24-08-2024 11:44,10.98,71.64,0.927
1010,24-08-2024 11:49,11.22,73.6,0.929
1011,24-08-2024 11:54,51.1,73.28,0.93
1012,24-08-2024 12:04,10.66,69.83,0.896
1013,24-08-2024 12:09,10.49,61.98,0.918
1014,24-08-2024 12:14,92.6,11.13,0.896
1015,24-08-2024 12:19,10.6,69.06,0.926
1016,24-08-2024 12:24,10.47,68.56,0.93
1017,24-08-2024 12:29,0.7,70.32,0.929
1018,24-08-2024 12:34,62.6,0.9,0.896
1019,24-08-2024 12:39,82.6,61.9,0.896
1020,24-08-2024 12:49,0.6,90.75,0.896
1021,24-08-2024 12:54,28.6,16.85,0.896
1022,24-08-2024 13:04,73.7,49.36,0.932
1023,24-08-2024 13:09,70.9,42.42,0.934
1024,24-08-2024 13:14,70.5,42.4,0.936
1025,24-08-2024 13:19,68.5,46.35,0.937
1026,24-08-2024 13:29,53,36.26,0.944
1027,24-08-2024 13:34,40.8,28.24,0.94
1028,24-08-2024 13:38,2.6,26.67,0.206
1029,24-08-2024 13:43,48.8,33.3,0.958
1030,24-08-2024 13:48,46.5,31.73,0.958
1031,24-08-2024 13:53,35.3,23.91,0.952
1032,24-08-2024 14:03,35.9,24.41,0.955
1033,24-08-2024 14:09,37.4,25.48,0.958
1034,24-08-2024 14:14,37.9,25.78,0.957
1035,24-08-2024 14:19,49.3,33.6,0.961
1036,24-08-2024 14:24,58,39.1,0.949
1037,24-08-2024 14:29,37.5,25.28,0.95
1038,24-08-2024 14:39,42.9,28.9,0.95
1039,24-08-2024 14:44,40.1,26.97,0.949
1040,24-08-2024 14:49,42.6,28.95,0.958
1041,24-08-2024 14:59,15.6,51.25,0.896
1042,24-08-2024 15:09,5.6,36.87,0.896
1043,24-08-2024 15:14,15.6,21.65,0.861
1044,24-08-2024 15:24,35.1,23.81,0.954
1045,24-08-2024 15:29,30.3,20.45,0.95
1046,24-08-2024 15:34,28.4,19.05,0.944
1047,24-08-2024 15:39,31.3,24.11,0.948
1048,24-08-2024 15:40,34.2,23.2,0.954
1049,24-08-2024 15:46,33.9,23.11,0.958
1050,24-08-2024 15:51,33.8,22.85,0.951
1051,24-08-2024 16:01,33.3,22.76,0.955
1052,24-08-2024 16:06,34.4,23.17,0.942
1053,24-08-2024 16:11,35.1,23.72,0.945
1054,24-08-2024 16:16,32.2,22.06,0.955
1055,24-08-2024 16:26,37.7,25.63,0.949
1056,24-08-2024 16:31,34.4,23.4,0.947
1057,24-08-2024 16:36,30.9,21.3,0.947
1058,24-08-2024 16:41,23.1,95,0.028
1059,24-08-2024 16:46,24.7,94.7,0.681
1060,24-08-2024 16:51,32.7,22.2,0.944
1061,24-08-2024 16:56,33.4,22.81,0.948
1062,24-08-2024 17:01,30.6,20.75,0.941
1063,24-08-2024 17:11,39,26.62,0.948
1064,24-08-2024 17:16,36,24.6,0.945
1065,24-08-2024 17:21,2.6,98.12,0.012
1066,24-08-2024 17:27,1.2,96.1,0.941
1067,24-08-2024 17:32,33.2,22.53,0.939
1068,24-08-2024 17:37,34,22.97,0.936
1069,24-08-2024 17:42,28.9,19.49,0.934
1070,24-08-2024 17:57,30.9,20.97,0.939
1071,24-08-2024 18:02,22,94.1,0.002
1072,24-08-2024 18:07,0.1,20.68,0.937
1073,24-08-2024 18:22,30.5,20.69,0.937
1074,24-08-2024 18:27,33.5,22.9,0.945
1075,24-08-2024 18:32,3.5,20.69,0.938
1076,24-08-2024 18:37,35,23.91,0.945
1077,24-08-2024 18:48,45.3,2,0.946
1078,24-08-2024 18:53,0.6,28.59,0.896
1079,24-08-2024 18:58,32.5,22.28,0.945
1080,24-08-2024 19:03,28.5,19.33,0.932
1081,24-08-2024 19:08,31.3,21.45,0.94
1082,24-08-2024 19:23,30.4,20.83,0.943
1083,24-08-2024 19:28,9.4,92.12,0.111
1084,24-08-2024 19:33,32.2,22.15,0.946
1085,24-08-2024 19:38,29.4,20.04,0.938
1086,24-08-2024 19:43,30.4,20.86,0.943
1087,24-08-2024 19:48,31.3,21.35,0.938
1088,24-08-2024 19:58,29.4,20.03,0.937
1089,24-08-2024 20:03,31.2,21.44,0.941
1090,24-08-2024 20:08,29.6,20.23,0.936
1091,24-08-2024 20:13,31.3,21.45,0.86
1092,24-08-2024 20:18,31.2,21.4,0.938
1093,24-08-2024 20:23,29.2,19.95,0.935
1094,24-08-2024 20:43,29,19.76,0.936
1095,24-08-2024 20:48,28.9,19.64,0.935
1096,24-08-2024 20:53,30.8,21,0.938
1097,24-08-2024 20:58,30.8,20.99,0.938
1098,24-08-2024 21:03,32.7,22.4,0.941
1099,24-08-2024 21:08,28.9,19.64,0.935
1100,24-08-2024 21:23,30.7,20.92,0.939
1101,24-08-2024 21:28,31.5,21.46,0.937
1102,24-08-2024 21:33,28.9,19.63,0.936
1103,24-08-2024 21:38,28.8,19.6,0.936
1104,24-08-2024 21:43,32.4,22.11,0.941
1105,24-08-2024 21:53,28.8,19.56,0.936
1106,24-08-2024 21:58,28.7,19.55,0.936
1107,24-08-2024 22:03,28.8,19.56,0.936
1108,24-08-2024 22:08,28.7,19.52,0.936
1109,24-08-2024 22:13,30.7,20.89,0.939
1110,24-08-2024 22:29,28.8,19.55,0.936
1111,24-08-2024 22:34,28.8,19.52,0.936
1112,24-08-2024 22:39,30.6,20.87,0.938
1113,24-08-2024 22:44,28.8,19.54,0.935
1114,24-08-2024 22:49,29.1,19.7,0.931
1115,24-08-2024 22:54,28.6,19.48,0.934
1116,24-08-2024 23:09,28.6,19.48,0.933
1117,24-08-2024 23:14,28.6,19.48,0.933
1118,24-08-2024 23:19,28.6,19.5,0.933
1119,24-08-2024 23:29,30.5,20.88,0.934
1120,24-08-2024 23:39,22.6,22.47,0.896
1121,24-08-2024 23:44,27.4,18.57,0.896
1122,24-08-2024 23:54,29.3,19.95,0.924
1123,25-08-2024 00:04,27.5,18.66,0.918
1124,25-08-2024 00:09,27.5,18.65,0.918
1125,25-08-2024 00:14,27.5,18.63,0.918
1126,25-08-2024 00:19,28.5,19.86,0.945
1127,25-08-2024 00:24,26.7,18.56,0.94
1128,25-08-2024 15:55,29.1,20.28,0.966
1129,25-08-2024 16:05,32.7,22.98,0.968
1130,25-08-2024 16:10,9.6,20.41,0.262
1131,25-08-2024 16:15,27.1,18.91,0.964
1132,25-08-2024 16:20,29.2,20.34,0.967
1133,25-08-2024 16:25,29.1,20.26,0.966
1134,25-08-2024 16:40,32.7,22.55,0.965
1135,25-08-2024 16:45,28.2,19.46,0.966
1136,25-08-2024 16:50,26.2,18.05,0.965
1137,25-08-2024 16:55,29.6,20.41,0.964
1138,25-08-2024 17:01,28,19.32,0.965
1139,25-08-2024 17:16,29.3,20.31,0.963
1140,25-08-2024 17:26,42.7,32.56,0.944
1141,25-08-2024 17:31,27.5,19.12,0.962
1142,25-08-2024 17:36,30.2,21.2,0.97
1143,25-08-2024 17:41,38.1,26.28,0.955
1144,25-08-2024 17:46,27.6,19.14,0.964
1145,25-08-2024 17:56,29.3,20.33,0.896
1146,25-08-2024 18:01,29.6,20.2,0.062
1147,25-08-2024 18:06,9.6,28.12,0.011
1148,25-08-2024 18:11,31.5,21.95,0.964
1149,25-08-2024 18:16,29.4,20.48,0.962
1150,25-08-2024 18:21,27.4,6.1,0.96
1151,25-08-2024 18:26,29.3,20.36,0.896
1152,25-08-2024 18:41,25.4,17.61,0.959
1153,25-08-2024 18:46,19.6,21.61,0.002
1154,25-08-2024 18:51,27.3,19.09,0.964
1155,25-08-2024 18:56,29.2,20.37,0.961
1156,25-08-2024 19:01,19.6,26.22,0.981
1157,25-08-2024 19:06,9.6,28.12,0.601
1158,25-08-2024 19:21,28,19.69,0.961
1159,25-08-2024 19:26,26.4,18.5,0.096
1160,25-08-2024 19:31,9.6,52.12,0.22
1161,25-08-2024 19:36,26.5,18.57,0.961
1162,25-08-2024 19:41,24.6,17.66,0.983
1163,25-08-2024 19:46,26.7,19.17,0.983
1164,25-08-2024 20:01,22.7,16.25,0.985
1165,25-08-2024 20:06,27.8,19.91,0.986
1166,25-08-2024 20:11,24.6,17.58,0.985
1167,25-08-2024 20:16,22.6,16.08,0.984
1168,25-08-2024 20:21,22.6,16.1,0.984
1169,25-08-2024 20:26,22.6,16.05,0.984
1170,25-08-2024 20:31,24.6,17.5,0.984
1171,25-08-2024 20:41,24.5,17.35,0.984
1172,25-08-2024 20:46,28.4,20.17,0.984
1173,25-08-2024 20:51,26.4,18.71,0.984
1174,25-08-2024 20:56,26.4,18.81,0.991
1175,25-08-2024 21:01,22.6,15.99,0.984
1176,25-08-2024 21:07,24.6,17.47,0.984
1177,25-08-2024 21:12,22.6,16.07,0.985
1178,25-08-2024 21:22,24.6,17.42,0.983
1179,25-08-2024 21:27,22.6,58.6,0.896
1180,25-08-2024 21:32,24.7,17.56,0.984
1181,25-08-2024 21:37,26.7,18.81,0.984
1182,25-08-2024 21:42,24.6,17.4,0.986
1183,25-08-2024 21:47,24.6,17.38,0.985
1184,25-08-2024 21:52,24.6,12.41,0.986
1185,25-08-2024 22:02,24.7,17.5,0.988
1186,25-08-2024 22:07,24.5,17.25,0.985
1187,25-08-2024 22:12,21,14.71,0.981
1188,25-08-2024 22:17,19.3,13.46,0.975
1189,25-08-2024 22:22,20.7,14.53,0.979
1190,25-08-2024 22:27,16,11.31,0.986
1191,25-08-2024 22:42,18.97,13.39,0.984
1192,25-08-2024 22:47,8.6,50.1,0.261
1193,25-08-2024 22:52,14.89,10.53,0.984
1194,25-08-2024 22:57,16.95,11.93,0.98
1195,25-08-2024 23:02,13.44,98.5,0.896
1196,25-08-2024 23:12,58.6,90.1,0.896
1197,25-08-2024 23:27,15.03,10.66,0.86
1198,25-08-2024 23:32,16.86,11.97,0.984
1199,25-08-2024 23:37,14.87,10.57,0.985
1200,25-08-2024 23:42,15.72,11.17,0.984
1201,25-08-2024 23:47,16.12,11.43,0.98
1202,25-08-2024 23:52,16.81,11.98,0.984
1203,25-08-2024 23:57,14.82,10.58,0.985
1204,26-08-2024 00:12,14.86,10.63,0.984
1205,26-08-2024 00:17,14.86,10.64,0.984
1206,26-08-2024 00:22,16.85,12.07,0.984
1207,26-08-2024 00:27,14.87,10.66,0.984
1208,26-08-2024 00:32,14.87,10.66,0.984
1209,26-08-2024 00:37,16.85,12.06,0.896
1210,26-08-2024 00:42,14.87,10.67,0.984
1211,26-08-2024 00:52,14.86,10.67,0.984
1212,26-08-2024 00:57,16.41,86,0.811
1213,26-08-2024 01:02,14.85,10.68,0.984
1214,26-08-2024 01:07,14.86,10.69,0.984
1215,26-08-2024 01:13,16.81,12.1,0.983
1216,26-08-2024 01:18,14.85,10.7,0.86
1217,26-08-2024 01:28,16.77,12.09,0.983
1218,26-08-2024 01:33,8.6,20.1,0.896
1219,26-08-2024 01:38,14.85,10.72,0.984
1220,26-08-2024 01:43,14.86,10.73,0.984
1221,26-08-2024 01:48,14.85,10.73,0.984
1222,26-08-2024 01:53,14.85,10.73,0.984
1223,26-08-2024 02:08,14.84,10.71,0.983
1224,26-08-2024 02:13,16.77,12.07,0.979
1225,26-08-2024 02:18,14.85,10.76,0.984
1226,26-08-2024 02:23,14.7,10.64,0.983
1227,26-08-2024 02:28,16.65,12,0.979
1228,26-08-2024 02:43,18.6,20.21,0.896
1229,26-08-2024 02:48,14.71,10.64,0.982
1230,26-08-2024 02:53,14.71,10.64,0.982
1231,26-08-2024 02:58,28.6,20.21,0.991
1232,26-08-2024 03:18,16.59,12,0.981
1233,26-08-2024 03:23,14.7,10.64,0.982
1234,26-08-2024 03:28,28.6,14.7,0.896
1235,26-08-2024 03:33,16.59,12,0.981
1236,26-08-2024 03:38,28.6,14.71,0.896
1237,26-08-2024 03:43,14.71,10.66,0.983
1238,26-08-2024 03:48,16.6,20.21,0.981
1239,26-08-2024 04:03,8.6,14.72,0.896
1240,26-08-2024 04:08,14.89,10.77,0.981
1241,26-08-2024 04:13,14.94,10.8,0.981
1242,26-08-2024 04:18,12.47,12.6,0.978
1243,26-08-2024 04:33,16.73,12.1,0.979
1244,26-08-2024 04:38,14.85,10.74,0.98
1245,26-08-2024 04:43,14.99,10.85,0.98
1246,26-08-2024 04:48,16.87,12.21,0.979
1247,26-08-2024 04:53,15,10.86,0.98
1248,26-08-2024 04:59,15,10.86,0.98
1249,26-08-2024 05:14,16.87,12.18,0.979
1250,26-08-2024 05:19,15,28.01,0.98
1251,26-08-2024 05:24,14.99,10.81,0.979
1252,26-08-2024 05:29,15,10.81,0.979
1253,26-08-2024 13:53,19.26,13.38,0.999
1254,26-08-2024 13:58,18.38,12.85,0.999
1255,26-08-2024 14:03,19.66,13.81,0.999
1256,26-08-2024 14:09,42.8,28.83,0.951
1257,26-08-2024 14:14,22.8,15.98,0.896
1258,26-08-2024 14:19,16.6,18.75,0.896
1259,26-08-2024 14:24,25.9,18.03,0.986
1260,26-08-2024 14:29,23,16.1,0.992
1261,26-08-2024 14:34,19.7,13.86,0.998
1262,26-08-2024 14:39,21.5,15.14,0.994
1263,26-08-2024 14:54,23.9,16.56,0.996
1264,26-08-2024 14:59,26.2,18.37,0.993
1265,26-08-2024 15:04,23.9,16.77,0.999
1266,26-08-2024 15:09,20.6,14.45,0.999
1267,26-08-2024 15:14,38.5,25.79,0.947
1268,26-08-2024 15:19,23.3,16.45,0.997
1269,26-08-2024 15:34,26.9,18.92,0.99
1270,26-08-2024 15:39,21.6,15.29,0.999
1271,26-08-2024 15:44,21.1,15.11,0.999
1272,26-08-2024 15:49,20.7,14.6,0.995
1273,26-08-2024 15:55,22.5,20.91,0.86
1274,26-08-2024 16:10,23.7,16.99,0.993
1275,26-08-2024 16:15,19.57,13.96,0.999
1276,26-08-2024 16:20,22.6,15.7,0.97
1277,26-08-2024 16:25,20.4,14.62,0.994
1278,26-08-2024 16:30,17.63,12.63,0.992
1279,26-08-2024 16:35,15.58,21.11,0.99
1280,26-08-2024 16:50,17.98,12.9,0.999
1281,26-08-2024 16:55,18.22,12.86,0.999
1282,26-08-2024 17:00,16.77,28.11,0.999
1283,26-08-2024 17:05,16.91,66.11,0.999
1284,26-08-2024 17:10,16.71,11.76,0.999
1285,26-08-2024 17:15,12.7,12.51,0.999
1286,26-08-2024 17:30,19.02,13.38,0.999
1287,26-08-2024 17:35,18.98,13.42,0.999
1288,26-08-2024 17:40,20.3,14.43,0.999
1289,26-08-2024 17:45,14.87,10.49,0.999
1290,26-08-2024 17:50,14.88,10.49,0.999
1291,26-08-2024 17:55,16.06,11.35,0.999
1292,26-08-2024 18:00,14.9,10.52,0.999
1293,26-08-2024 18:10,19.74,14.01,0.999
1294,26-08-2024 18:15,22.7,16.16,0.992
1295,26-08-2024 18:20,20.5,14.56,0.999
1296,26-08-2024 18:25,15.27,99.9,0.896
1297,26-08-2024 18:30,20.5,14.55,0.999
1298,26-08-2024 18:35,18.48,13.1,0.999
1299,26-08-2024 18:50,18.44,13.06,0.999
1300,26-08-2024 18:55,21.5,15.3,0.999
1301,26-08-2024 19:00,20.3,14.5,0.999
1302,26-08-2024 19:05,19.57,14,0.999
1303,26-08-2024 19:10,22.4,15.92,0.998
1304,26-08-2024 19:15,19.59,14.09,0.999
1305,26-08-2024 19:25,16.82,12.09,0.999
1306,26-08-2024 19:30,15.68,11.36,0.999
1307,26-08-2024 19:35,25.8,18.4,0.977
1308,26-08-2024 19:40,17.8,12.87,0.999
1309,26-08-2024 19:45,19.59,14.08,0.999
1310,26-08-2024 19:51,20.9,15.05,0.999
1311,26-08-2024 19:56,15.47,9.9,0.896
1312,26-08-2024 20:01,19.6,14.2,0.999
1313,26-08-2024 20:16,15.59,11.33,0.999
1314,26-08-2024 20:21,17.4,12.64,0.999
1315,26-08-2024 20:26,17.48,12.76,0.992
1316,26-08-2024 20:31,15.64,11.34,0.999
1317,26-08-2024 20:36,19.08,13.83,0.999
1318,26-08-2024 20:41,15.65,14.37,0.999
1319,26-08-2024 20:46,18.49,13.49,0.999
1320,26-08-2024 20:51,17.06,12.41,0.999
1321,26-08-2024 21:06,17.2,12.49,0.998
1322,26-08-2024 21:11,17.35,12.59,0.896
1323,26-08-2024 21:16,26.6,12.1,0.991
1324,26-08-2024 21:21,15.54,11.31,0.999
1325,26-08-2024 21:26,15.63,11.37,0.999
1326,26-08-2024 21:31,15.54,11.3,0.999
1327,26-08-2024 21:46,17.33,12.62,0.999
1328,26-08-2024 21:51,19.62,14.33,0.999
1329,26-08-2024 21:56,17.26,12.58,0.999
1330,26-08-2024 22:01,18.95,13.84,0.99
1331,26-08-2024 22:06,17.28,12.54,0.999
1332,26-08-2024 22:11,19.12,13.89,0.999
1333,26-08-2024 22:16,18.91,13.83,0.993
1334,26-08-2024 22:31,15.46,11.29,0.991
1335,26-08-2024 22:36,13.56,98.45,0.999
1336,26-08-2024 22:41,13.44,97.46,0.999
1337,26-08-2024 22:46,14.3,10.33,0.999
1338,26-08-2024 22:56,14.74,10.77,0.99
1339,27-08-2024 00:19,14.47,98.9,0.992
1340,27-08-2024 00:36,12.05,68.28,0.999
1341,27-08-2024 00:41,66.6,92.8,0.896
1342,27-08-2024 00:46,14.19,10.45,0.978
1343,27-08-2024 00:46,13.81,95.43,0.982
1344,27-08-2024 00:53,11.89,87.14,0.896
1345,27-08-2024 00:58,13.46,99.04,0.985
1346,27-08-2024 01:03,66.6,56.98,0.896
1347,27-08-2024 01:08,29.1,84.13,0.989
1348,27-08-2024 01:28,11.8,86.47,0.999
1349,27-08-2024 01:33,86.8,99.9,0.896
1350,27-08-2024 01:43,58.6,95.49,0.896
1351,27-08-2024 01:48,12.77,94.73,0.986
1352,27-08-2024 01:53,14.16,10.4,0.978
1353,27-08-2024 01:58,12.21,94.12,0.985
1354,27-08-2024 02:03,0.2,94.3,0.985
1355,27-08-2024 02:08,12.7,94.48,0.986
1356,27-08-2024 02:18,12.59,94.13,0.992
1357,27-08-2024 02:23,98.6,94.9,0.021
1358,27-08-2024 02:44,85.9,99.9,0.896
1359,27-08-2024 02:49,65.1,85.89,0.999
1360,27-08-2024 02:54,13.22,98.68,0.988
1361,27-08-2024 02:59,86,99.9,0.896
1362,27-08-2024 03:04,66.6,60.58,0.896
1363,27-08-2024 03:09,13.23,97.63,0.86
1364,27-08-2024 03:14,85.1,99.9,0.896
1365,27-08-2024 03:19,85.1,99.9,0.896
1366,27-08-2024 03:24,11.6,85.15,0.999
1367,27-08-2024 03:29,21.6,91.1,0.999
1368,27-08-2024 03:34,60.6,91.1,0.999
1369,27-08-2024 03:39,12.63,93.63,0.896
1370,27-08-2024 03:59,11.63,85.83,0.999
1371,27-08-2024 04:04,13.23,98.22,0.988
1372,27-08-2024 04:09,11.64,85.85,0.999
1373,27-08-2024 04:14,11.65,85.84,0.999
1374,27-08-2024 04:19,12.33,94.88,0.986
1375,27-08-2024 04:24,11.65,85.72,0.999
1376,27-08-2024 04:29,66.6,28.58,0.896
1377,27-08-2024 04:34,85.7,99.9,0.896
1378,27-08-2024 04:39,11.69,85.88,0.999
1379,27-08-2024 04:44,13.3,98.47,0.984
1380,27-08-2024 04:54,11.71,86.4,0.999
1381,27-08-2024 05:14,12.19,89.9,0.999
1382,27-08-2024 05:19,12.19,89.88,0.999
1383,27-08-2024 05:24,12.2,89.93,0.999
1384,27-08-2024 05:29,12.2,90.08,0.999
1385,27-08-2024 10:25,88.1,58.25,0.949
1386,27-08-2024 10:34,97.8,68.13,0.949
1387,27-08-2024 10:39,11.93,83.69,0.955
1388,27-08-2024 10:43,80.2,54.46,0.941
1389,27-08-2024 10:50,9.6,10.41,0.896
1390,27-08-2024 10:55,11.42,79,0.968
1391,27-08-2024 11:00,9.6,10.78,0.896
1392,27-08-2024 11:05,10.96,74.7,0.962
1393,27-08-2024 11:10,10.67,72.63,0.961
1394,27-08-2024 11:20,10.4,69.81,0.949
1395,27-08-2024 11:25,10.42,70.46,0.956
1396,27-08-2024 11:30,95.6,69.37,0.896
1397,27-08-2024 11:35,11.06,74.85,0.958
1398,27-08-2024 22:42,0.4,54.09,0.896
1399,27-08-2024 23:10,27,54.09,0.041
1400,28-08-2024 00:44,54.1,88.76,0.041
1401,28-08-2024 01:32,21.7,54.09,0.049
1402,29-08-2024 01:49,18.92,13.13,0.957
1403,29-08-2024 01:54,18.86,13.09,0.956
1404,29-08-2024 01:59,18.89,13.1,0.959
1405,29-08-2024 02:04,18.87,13.08,0.958
1406,29-08-2024 02:09,18.87,13.06,0.957
1407,29-08-2024 02:29,20.5,14.36,0.96
1408,29-08-2024 02:34,19.47,13.56,0.954
1409,29-08-2024 02:39,14.72,95.6,0.896
1410,29-08-2024 02:44,19.36,13.48,0.954
1411,29-08-2024 02:49,20.6,14.26,0.95
1412,29-08-2024 02:54,19.31,13.45,0.954
1413,29-08-2024 02:59,19.28,13.44,0.954
1414,29-08-2024 03:04,21.1,14.7,0.956
1415,29-08-2024 03:09,19.3,13.42,0.953
1416,29-08-2024 03:14,24.1,14.64,0.95
1417,29-08-2024 03:19,19.31,13.47,0.953
1418,29-08-2024 03:39,19.29,13.46,0.952
1419,29-08-2024 03:44,19.93,13.9,0.951
1420,29-08-2024 03:49,19.3,13.48,0.953
1421,29-08-2024 03:54,19.3,13.47,0.952
1422,29-08-2024 03:59,19.28,13.48,0.953
1423,29-08-2024 04:04,19.29,13.49,0.953
1424,29-08-2024 04:09,22.4,15.6,0.948
1425,29-08-2024 04:15,19.3,13.5,0.952
1426,29-08-2024 04:20,19.29,13.49,0.951
1427,29-08-2024 04:25,19.32,13.51,0.896
1428,29-08-2024 04:30,14.73,95.4,0.896
1429,29-08-2024 04:50,2.6,26.61,0.949
1430,29-08-2024 04:55,14.78,95.3,0.896
1431,29-08-2024 05:00,19.27,13.49,0.951
1432,29-08-2024 05:05,19.17,13.4,0.95
1433,29-08-2024 05:10,19.15,13.38,0.95
1434,29-08-2024 05:15,19.14,13.38,0.95
1435,29-08-2024 05:20,26,14.58,0.951
1436,29-08-2024 05:25,19.13,13.32,0.95
1437,29-08-2024 05:30,21,14.62,0.953
1438,29-08-2024 07:58,44.2,29.49,0.957
1439,29-08-2024 08:05,64.1,41.62,0.938
1440,29-08-2024 08:26,54,94.5,0.896
1441,29-08-2024 08:27,80.4,52.54,0.938
1442,29-08-2024 08:36,80.4,55.08,0.26
1443,29-08-2024 08:41,79.7,54.3,0.26
1444,29-08-2024 08:42,78.7,53.33,0.93
1445,29-08-2024 08:49,5.6,65.5,0.896
1446,29-08-2024 08:54,80.5,55.38,0.937
1447,29-08-2024 08:59,81.2,55.86,0.939
1448,29-08-2024 09:04,79.6,54.61,0.94
1449,29-08-2024 09:09,28.2,61.3,0.94
1450,29-08-2024 09:14,89.8,61.56,0.944
1451,29-08-2024 09:34,87.4,59.44,0.936
1452,29-08-2024 09:39,93.4,63.49,0.937
1453,29-08-2024 09:44,93.7,63.94,0.939
1454,29-08-2024 09:49,11.5,76.49,0.943
1455,29-08-2024 09:54,10.23,73.83,0.948
1456,29-08-2024 10:04,11.59,79.6,0.948
1457,29-08-2024 10:14,10.05,68.72,0.943
1458,29-08-2024 10:19,11.5,76.8,0.949
1459,29-08-2024 10:24,10.34,71.14,0.95
1460,29-08-2024 10:29,10.01,69.04,0.951
1461,29-08-2024 10:34,94.4,65,0.951
1462,29-08-2024 10:39,10.15,70.13,0.952
1463,29-08-2024 10:55,26.9,68.6,0.957
1464,29-08-2024 11:00,99,68.74,0.96
1465,29-08-2024 11:05,9.96,68.82,0.957
1466,29-08-2024 11:10,96.6,66.5,0.954
1467,29-08-2024 11:15,91.8,63.04,0.952
1468,29-08-2024 11:20,86.8,59.46,0.95
1469,29-08-2024 11:25,25.6,86.09,0.896
1470,29-08-2024 11:30,90.9,62.78,0.958
1471,29-08-2024 11:50,87,60.16,0.963
1472,29-08-2024 11:55,84.1,1.8,0.962
1473,29-08-2024 12:00,19.08,54.75,0.896
1474,29-08-2024 12:05,59.6,70.6,0.228
1475,29-08-2024 12:10,81.6,56.29,0.961
1476,29-08-2024 12:11,71,48.09,0.96
1477,29-08-2024 12:20,86.4,58.71,0.967
1478,29-08-2024 12:21,67.2,46.46,0.954
1479,29-08-2024 12:27,89.4,63.03,0.964
1480,29-08-2024 12:32,75.8,53.24,0.896
1481,29-08-2024 12:37,59.6,83.51,0.896
1482,29-08-2024 12:42,72.8,54.47,0.896
1483,29-08-2024 12:47,75.3,53.08,0.967
1484,29-08-2024 12:52,75.6,53.41,0.966
1485,29-08-2024 12:57,69.8,49.36,0.965
1486,29-08-2024 13:02,66.8,42.47,0.966
1487,29-08-2024 13:07,25.6,62.63,0.896
1488,29-08-2024 13:12,67,42.11,0.957
1489,29-08-2024 13:17,60,41.54,0.947
1490,29-08-2024 13:22,64.2,45.19,0.958
1491,29-08-2024 13:42,69.2,48.26,0.954
1492,29-08-2024 13:47,83.4,58.06,0.953
1493,29-08-2024 13:52,91.5,63.04,0.943
1494,29-08-2024 13:57,92.4,63.8,0.946
1495,29-08-2024 14:02,92.9,64.3,0.948
1496,29-08-2024 14:07,97.5,67.64,0.951
1497,29-08-2024 14:12,88.8,61.47,0.95
1498,29-08-2024 14:17,5.6,0.9,0.896
1499,29-08-2024 14:22,10.7,70.68,0.951
1500,29-08-2024 14:26,86.8,52.05,0.954
1501,29-08-2024 14:37,10,68.24,0.943
1502,29-08-2024 14:49,98.5,61.99,0.953
1503,29-08-2024 14:54,98.7,68.27,0.952
1504,29-08-2024 14:59,88.9,61.75,0.949
1505,29-08-2024 15:04,90.5,63.07,0.951
1506,29-08-2024 15:09,90.3,62.45,0.945
1507,29-08-2024 15:14,25.6,63.42,0.896
1508,29-08-2024 15:19,91.5,62.88,0.943
1509,29-08-2024 15:34,92.7,63.85,0.945
1510,29-08-2024 15:39,63.9,95.6,0.896
1511,29-08-2024 15:44,88.9,56,0.896
1512,29-08-2024 15:49,90.4,0.9,0.956
1513,29-08-2024 15:54,94.5,65.77,0.957
1514,29-08-2024 15:59,10.05,70.59,0.964
1515,29-08-2024 16:04,63.9,95.6,0.896
1516,29-08-2024 16:09,88.1,61.2,0.954
1517,29-08-2024 16:14,89.1,82.17,0.007
1518,29-08-2024 16:34,25.6,82.09,0.896
1519,29-08-2024 16:39,83.6,58.09,0.954
1520,29-08-2024 16:44,89.9,62.85,0.958
1521,29-08-2024 16:59,67.8,42.42,0.956
1522,03-09-2024 13:44,25.6,99.06,0.896
1523,03-09-2024 13:49,11.99,79.65,0.943
1524,03-09-2024 14:00,10.31,67.84,0.936
1525,03-09-2024 14:06,11.65,17.81,0.26
1526,03-09-2024 14:11,11.65,77.98,0.937
1527,03-09-2024 14:16,11.6,78.09,0.936
1528,03-09-2024 14:21,13.89,89.88,0.945
1529,03-09-2024 14:26,11.65,78.5,0.94
1530,03-09-2024 14:31,11.07,74.56,0.939
1531,18-09-2024 16:21,94.4,64.67,0.939
1532,18-09-2024 16:26,0.6,82.9,0.896
1533,18-09-2024 16:31,1,69.65,0.939
1534,18-09-2024 16:36,0.1,82.6,0.934
1535,18-09-2024 16:41,94.9,66.13,0.926
1536,18-09-2024 16:51,9.4,10.65,0.896
1537,18-09-2024 16:56,72.4,57.2,0.896
1538,18-09-2024 17:01,75.2,53.05,0.934
1539,18-09-2024 17:11,62.8,43.04,0.896
1540,18-09-2024 17:21,2.6,92.1,0.896
1541,18-09-2024 17:26,44.6,34.19,0.949
1542,18-09-2024 17:31,48.9,34.24,0.951
1543,18-09-2024 17:36,42.2,29.43,0.947
1544,18-09-2024 17:41,43.3,29.99,0.942
1545,18-09-2024 17:51,36.3,25.03,0.938
1546,18-09-2024 17:56,39.9,27.62,0.94
1547,18-09-2024 18:01,40.3,28.23,0.947
1548,18-09-2024 18:06,42,29.44,0.948
1549,18-09-2024 18:11,48.1,33.6,0.945
1550,18-09-2024 18:16,35.3,11.6,0.945
1551,18-09-2024 18:26,51.6,35.2,0.938
1552,18-09-2024 18:31,39.1,26.71,0.26
1553,18-09-2024 18:36,34.1,23.34,0.942
1554,18-09-2024 18:41,32.1,22.06,0.948
1555,18-09-2024 18:46,36.5,24.78,0.937
1556,18-09-2024 18:56,36.9,25.17,0.896
1557,18-09-2024 19:06,36.9,25.26,0.952
1558,18-09-2024 19:11,37.9,25.96,0.954
1559,18-09-2024 19:16,37.3,25.5,0.949
1560,18-09-2024 19:22,34.3,23.43,0.948
1561,18-09-2024 19:27,32.4,22.18,0.946
1562,18-09-2024 19:32,22.6,94.7,0.262
1563,18-09-2024 19:37,32.8,22.45,0.944
1564,18-09-2024 19:42,32.4,22.04,0.939
1565,18-09-2024 19:47,32.9,22.51,0.944
1566,18-09-2024 19:57,32.8,22.17,0.932
1567,18-09-2024 20:02,32.8,22.54,0.06
1568,18-09-2024 20:17,33.2,22.66,0.942
1569,18-09-2024 20:27,30.9,11.12,0.941
1570,18-09-2024 20:32,34,23.32,0.944
1571,18-09-2024 20:37,2.6,32.62,0.896
1572,18-09-2024 20:42,30.7,20.98,0.939
1573,18-09-2024 20:47,30.7,20.97,0.939
1574,18-09-2024 21:02,9.4,52.12,0.901
1575,18-09-2024 21:07,34.4,23.62,0.943
1576,18-09-2024 21:12,30.7,20.97,0.939
1577,18-09-2024 21:17,32.7,22.38,0.941
1578,18-09-2024 21:27,32.7,22.44,0.941
1579,18-09-2024 21:32,30.7,21,0.938
1580,18-09-2024 21:37,33.1,22.71,0.939
1581,18-09-2024 21:42,30.6,21,0.937
1582,18-09-2024 21:52,30.6,90.12,0.938
1583,18-09-2024 21:57,32.5,22.38,0.94
1584,18-09-2024 22:00,30.6,20.12,0.937
1585,18-09-2024 22:07,32.4,22.26,0.941
1586,18-09-2024 22:12,30.6,20.94,0.938
1587,18-09-2024 22:17,30.6,20.93,0.938
1588,18-09-2024 22:22,30.6,20.94,0.939
1589,18-09-2024 22:27,32.4,22.25,0.94
1590,18-09-2024 22:37,3.6,20.91,0.938
1591,18-09-2024 22:42,30.6,20.96,0.938
1592,18-09-2024 22:47,32.3,22.23,0.94
1593,18-09-2024 22:52,30.5,20.96,0.939
1594,18-09-2024 22:57,30.6,20.1,0.938
1595,18-09-2024 23:02,16,24.19,0.941
1596,18-09-2024 23:07,30.8,20.99,0.94
1597,18-09-2024 23:12,34.5,23.75,0.946
1598,18-09-2024 23:17,30.8,21.06,0.94
1599,18-09-2024 23:22,32.8,22.52,0.943
1600,18-09-2024 23:27,0,21.01,0.941
1601,18-09-2024 23:37,29.7,20.19,0.935
1602,18-09-2024 23:42,29.8,20.24,0.935
1603,18-09-2024 23:47,30.1,20.46,0.934
1604,18-09-2024 23:52,29.8,20.25,0.935
1605,18-09-2024 23:57,29.8,20.25,0.936
1606,19-09-2024 00:12,29.8,20.26,0.935
1607,19-09-2024 00:17,34.7,25.9,0.938
1608,19-09-2024 00:22,29.8,20.15,0.937
1609,19-09-2024 00:27,31.7,21.5,0.94
1610,19-09-2024 00:32,29.8,20.13,0.938
1611,19-09-2024 00:38,31.7,21.46,0.94
1612,19-09-2024 00:48,31.3,12.12,0.941
1613,19-09-2024 00:53,29.8,20.11,0.938
1614,19-09-2024 00:58,29.8,20.15,0.938
1615,19-09-2024 01:03,0.2,20.32,0.933
1616,19-09-2024 01:08,29.8,20.13,0.937
1617,19-09-2024 01:23,29.8,20.13,0.937
1618,19-09-2024 01:28,29.8,20.15,0.938
1619,19-09-2024 01:33,29.8,20.17,0.937
1620,19-09-2024 01:38,29.8,20.16,0.938
1621,19-09-2024 01:43,29.8,20.15,0.937
1622,19-09-2024 01:58,29.7,11.02,0.937
1623,19-09-2024 02:03,29.8,20.14,0.937
1624,19-09-2024 02:08,29.8,20.14,0.937
1625,19-09-2024 02:13,29.8,20.15,0.937
1626,19-09-2024 02:18,29.8,91.02,0.937
1627,19-09-2024 02:33,31.7,25,0.939
1628,19-09-2024 02:38,29.8,20.15,0.937
1629,19-09-2024 02:43,29.7,20.15,0.937
1630,19-09-2024 02:48,29.8,20.16,0.937
1631,19-09-2024 02:53,30.4,20.57,0.937
1632,19-09-2024 03:08,29.7,11.02,0.936
1633,19-09-2024 03:13,29.7,20.12,0.936
1634,19-09-2024 03:18,29.7,11.02,0.936
1635,19-09-2024 03:23,29.7,20.13,0.937
1636,19-09-2024 03:28,29.7,20.2,0.94
1637,19-09-2024 03:38,29.7,20.13,0.936
1638,19-09-2024 03:43,29.7,20.13,0.936
1639,19-09-2024 03:48,29.7,20.13,0.936
1640,19-09-2024 03:53,29.7,20.13,0.936
1641,19-09-2024 03:58,29.7,20.14,0.936
1642,19-09-2024 04:04,29.8,20.14,0.935
1643,19-09-2024 04:14,29.9,20.14,0.936
1644,19-09-2024 04:19,0.6,31.34,0.217
1645,19-09-2024 04:24,29.9,20.21,0.936
1646,19-09-2024 04:29,30,20.26,0.936
1647,19-09-2024 04:34,30,20.26,0.936
1648,19-09-2024 04:44,30,20.27,0.937
1649,19-09-2024 04:49,30,20.28,0.937
1650,19-09-2024 04:54,30,82.02,0.938
1651,19-09-2024 04:59,30.1,20.32,0.938
1652,19-09-2024 05:04,30.1,20.3,0.938
1653,19-09-2024 05:09,30,20.25,0.938
1654,19-09-2024 05:19,30.1,20.26,0.938
1655,19-09-2024 05:24,31.5,11.2,0.943
1656,19-09-2024 05:29,31,24,0.944
1657,21-09-2024 15:14,0.6,80.95,0.049
1658,23-09-2024 10:47,19.5,4.1,0.896
1659,23-09-2024 11:03,25.7,19.5,0.004
1660,23-09-2024 11:13,0.4,56.47,0.896
1661,23-09-2024 11:23,0.4,56.18,0.88
1662,23-09-2024 11:28,88,4.1,0.896
1663,23-09-2024 11:53,0.2,81.95,0.004
1664,23-09-2024 12:48,91.7,81.95,0.047
1665,23-09-2024 13:23,23.2,61.95,0.047
1666,23-09-2024 13:38,2.6,61.95,0.047
1667,23-09-2024 13:48,62,4.1,0.896
1668,23-09-2024 13:59,62,4.1,0.896
1669,23-09-2024 14:09,62,4.7,0.896
1670,23-09-2024 14:14,62,0.4,0.896
1671,23-09-2024 15:19,3,84.7,0.896
1672,23-09-2024 15:29,0.2,56.2,0.041
1673,23-09-2024 16:55,5.4,12.95,0.004
1674,23-09-2024 19:15,95.1,12.95,0.041
1675,24-09-2024 07:17,3,0.4,0.896
1676,24-09-2024 08:08,3,0.4,0.896
1677,24-09-2024 08:18,2.7,29.5,0.048
1678,24-09-2024 08:23,8.5,56.24,0.896
1679,24-09-2024 08:58,0,56.24,0.896
1680,24-09-2024 09:03,3,4.1,0.896
1681,24-09-2024 09:18,3,4.1,0.896
1682,24-09-2024 09:23,3,0.4,0.896
1683,24-09-2024 14:19,12.95,4.1,0.896
1684,24-09-2024 14:35,0.1,29.5,0.041
1685,24-09-2024 14:50,0.3,29.5,0.004
1686,24-09-2024 15:10,3,4.1,0.896
1687,24-09-2024 17:05,83,0.4,0.896
1688,24-09-2024 22:38,8.3,56.29,0.049
1689,24-09-2024 22:53,83.6,62.95,0.004
1690,24-09-2024 23:13,2.7,62.95,0.041
1691,24-09-2024 23:48,98.6,62.95,0.041
1692,25-09-2024 00:18,8.9,56.3,0.041
1693,25-09-2024 00:23,0.4,56.3,0.824
1694,25-09-2024 00:28,89.6,56.3,0.048
1695,25-09-2024 02:14,56.3,38.12,0.041
1696,27-09-2024 20:34,2.2,59.5,0.004
1697,28-09-2024 00:15,2.3,15.95,0.047
1698,30-09-2024 09:00,30,0.4,0.896
1699,30-09-2024 09:10,82.5,56.62,0.896
1700,30-09-2024 09:16,0.4,56.62,0.896
1701,30-09-2024 09:31,26.5,56.62,0.896
1702,30-09-2024 09:51,0.4,56.62,0.896
1703,30-09-2024 09:56,0.5,56.62,0.896
1704,30-09-2024 10:16,0,56.62,0.896
1705,30-09-2024 10:21,0.4,56.62,0.896
1706,30-09-2024 10:31,56.6,85.44,0.047
1707,30-09-2024 10:41,0.4,56.62,0.896
1708,30-09-2024 12:08,25.6,99.5,0.004
1709,30-09-2024 12:21,0.4,56.63,0.896
1710,07-10-2024 12:24,4.2,57.04,0.896
1711,07-10-2024 12:35,57,92.12,0.419
1712,08-10-2024 17:23,82.5,57.18,0.047
1713,08-10-2024 22:50,1.4,57.19,0.896
1714,09-10-2024 03:51,21.9,57.2,0.847
1715,09-10-2024 04:46,8.5,57.2,0.896
1716,09-10-2024 04:56,57.2,32.76,0.896
1717,09-10-2024 05:26,1.4,57.2,0.896
1718,11-10-2024 14:18,92.1,64.02,0.948
1719,11-10-2024 14:28,0.6,5.9,0.896
1720,11-10-2024 14:33,1,70.38,0.949
1721,14-10-2024 11:16,0.1,4.1,0.896
1722,15-10-2024 13:20,59,40.13,0.928
1723,15-10-2024 13:28,57.8,39.47,0.931
1724,15-10-2024 13:33,52.6,59.21,0.896
1725,15-10-2024 13:43,82.6,92,0.896
1726,15-10-2024 13:48,70.2,42.7,0.932
1727,15-10-2024 13:53,73.7,57.2,0.945
1728,15-10-2024 14:29,0.7,0.4,0.896
1729,15-10-2024 14:49,0.7,4.7,0.896
1730,15-10-2024 14:54,0.7,0.4,0.896
1731,15-10-2024 15:24,0.7,0.4,0.896
1732,15-10-2024 15:39,0.7,4.7,0.896
1733,16-10-2024 13:34,23.3,53.18,0.896
1734,16-10-2024 13:42,23.2,58.79,0.896
1735,16-10-2024 13:47,23.2,64.31,0.896
1736,16-10-2024 13:57,83.9,54.75,0.94
1737,16-10-2024 14:00,57.7,54.8,0.419
1738,16-10-2024 14:06,23.9,74.14,0.896
1739,16-10-2024 14:11,24.2,86.43,0.896
1740,16-10-2024 14:16,24.1,76.89,0.896
1741,16-10-2024 14:21,24.1,75.27,0.896
1742,16-10-2024 14:31,97.7,62.99,0.938
1743,16-10-2024 14:36,76.7,13.9,0.926
1744,16-10-2024 14:46,9.4,91.5,0.933
1745,16-10-2024 14:51,9.4,82.6,0.943
1746,16-10-2024 14:56,9.4,93.8,0.938
1747,16-10-2024 15:46,5.6,41.92,0.896
1748,16-10-2024 15:51,41.9,79.99,0.938
1749,16-10-2024 15:56,42,73.61,0.943
1750,16-10-2024 16:01,17.2,69.42,0.943
1751,16-10-2024 16:06,24.3,66.21,0.896
1752,16-10-2024 16:11,24.3,64.89,0.896
1753,16-10-2024 16:16,24.3,79.97,0.896
1754,16-10-2024 16:21,24.2,67.43,0.896
1755,16-10-2024 16:26,24.2,63.33,0.896
1756,19-10-2024 20:08,24.5,21.97,0.896
1757,19-10-2024 19:58,24.7,24.68,0.896
1758,19-10-2024 20:03,24.4,23.16,0.5
1759,19-10-2024 19:53,24.7,23.68,0.896
1760,19-10-2024 19:48,24.6,24.5,0.896
1761,19-10-2024 19:38,20.1,0.1,0.896
1762,19-10-2024 19:43,24.6,23.75,0.896
1763,19-10-2024 19:48,24.6,24.5,0.896
1764,19-10-2024 19:53,24.7,23.68,0.896
1765,19-10-2024 19:58,24.7,24.68,0.896
1766,19-10-2024 20:03,24.4,23.16,0.5
1767,19-10-2024 20:08,24.5,21.97,0.896
1768,26-11-2024 02:56,84.4,58.22,0.943
1769,26-11-2024 02:56,90.7,29,0.945
1770,26-11-2024 02:56,24.6,55.97,0.218
1771,26-11-2024 02:56,83,52.14,0.941
1772,26-11-2024 02:56,78.8,55.07,0.955
1773,26-11-2024 02:56,78.6,54.62,0.95
1774,26-11-2024 02:56,79.1,55.04,0.951
1775,26-11-2024 02:56,73.8,12,0.947
1776,26-11-2024 02:56,84.4,58.22,0.943
1777,26-11-2024 02:56,90.7,29,0.945
1778,26-11-2024 02:56,24.6,55.97,0.218
1779,26-11-2024 02:56,83,52.14,0.941
1780,26-11-2024 02:56,78.8,55.07,0.955
1781,26-11-2024 02:56,78.6,54.62,0.95
1782,26-11-2024 02:56,79.1,55.04,0.951
1783,26-11-2024 02:56,73.8,12,0.947
1784,26-11-2024 02:56,95.6,85,0.896
1785,26-11-2024 02:56,25.6,52.19,0.896
1786,26-11-2024 02:56,89.2,62.39,0.956
1787,26-11-2024 02:56,72.5,53.88,0.949
1788,26-11-2024 02:56,84.9,59.5,0.957
1789,26-11-2024 02:56,78.2,54.1,0.945
1790,26-11-2024 02:56,78.1,54.53,0.954
1791,26-11-2024 02:56,84.8,59.41,0.958
1792,26-11-2024 02:56,76.6,53.05,0.945
1793,26-11-2024 02:56,72.1,22.05,0.95
1794,26-11-2024 02:56,25.3,6,0.041
1795,26-11-2024 02:56,82.9,57.49,0.047
1796,26-11-2024 02:57,0.4,57.5,0.556
1797,26-11-2024 02:57,0.4,57.5,0.916
1798,26-11-2024 02:57,58.4,48.32,0.014
1799,26-11-2024 02:58,58.4,50.6,0.041
1800,26-11-2024 02:58,19.35,13.88,0.999
1801,26-11-2024 02:58,26.6,36.64,0.896
1802,26-11-2024 02:58,19.64,14.04,0.999
1803,26-11-2024 02:58,19.51,14.01,0.999
1804,26-11-2024 02:58,0.6,62.92,0.896
1805,26-11-2024 02:58,25.9,18.47,0.999
1806,26-11-2024 02:58,20.4,14.56,0.999
1807,26-11-2024 02:58,20.9,26.71,0.896
1808,26-11-2024 02:58,39,26.46,0.993
1809,26-11-2024 02:58,15.19,99.9,0.896
1810,26-11-2024 02:58,14.84,99.9,0.896
1811,26-11-2024 02:58,19.45,13.85,0.999
1812,26-11-2024 02:58,20.1,66.6,0.896
1813,26-11-2024 02:58,28.8,20.12,0.993
1814,26-11-2024 02:58,19.51,13.88,0.999
1815,26-11-2024 02:58,19.77,21.71,0.999
1816,26-11-2024 02:58,20.6,14.56,0.999
1817,26-11-2024 02:58,6.6,19.7,0.896
1818,26-11-2024 02:58,21.7,51,0.999
1819,26-11-2024 02:58,15.34,99.9,0.002
1820,26-11-2024 02:58,26.1,18.49,0.998
1821,26-11-2024 02:58,66.6,19.51,0.896
1822,26-11-2024 02:58,19.47,13.84,0.999
1823,26-11-2024 02:58,20.5,14.59,0.999
1824,26-11-2024 02:58,28.4,19.9,0.997
1825,26-11-2024 02:58,6.6,16.51,0.896
1826,26-11-2024 02:58,19.57,13.95,0.999
1827,26-11-2024 02:58,19.98,14.2,0.99
1828,26-11-2024 02:58,26.7,18.72,0.997
1829,26-11-2024 02:59,56.6,95.1,0.896
1830,26-11-2024 02:59,23.1,16.44,0.99
1831,26-11-2024 02:59,22.4,16.04,0.999
1832,26-11-2024 02:59,22.4,16.03,0.999
1833,26-11-2024 02:59,22.7,19.79,0.996
1834,26-11-2024 02:59,66.6,28.1,0.896
1835,26-11-2024 02:59,26.6,55.52,0.896
1836,26-11-2024 02:59,6.6,59.2,0.009
1837,26-11-2024 02:59,19.38,13.84,0.999
1838,26-11-2024 02:59,19.35,13.81,0.999
1839,26-11-2024 02:59,66.6,28.1,0.961
1840,26-11-2024 02:59,19.24,13.73,0.999
1841,26-11-2024 02:59,19.23,13.72,0.999
1842,26-11-2024 02:59,19.24,13.71,0.999
1843,26-11-2024 02:59,19.26,13.71,0.999
1844,26-11-2024 02:59,19.26,13.71,0.999
1845,26-11-2024 02:59,66.6,29.1,0.896
1846,26-11-2024 02:59,20.9,61,0.999
1847,26-11-2024 02:59,20.8,14.78,0.999
1848,26-11-2024 02:59,16.02,14.81,0.999
1849,26-11-2024 02:59,21.9,25.51,0.896
1850,26-11-2024 02:59,66.6,11.51,0.896
1851,26-11-2024 02:59,20.9,61,0.896
1852,26-11-2024 02:59,19.41,13.81,0.999
1853,26-11-2024 02:59,66.6,19.39,0.896
1854,26-11-2024 02:59,19.38,13.8,0.999
1855,26-11-2024 02:59,21,96.1,0.896
1856,26-11-2024 02:59,38,26.52,0.947
1857,26-11-2024 02:59,32,25.14,0.944
1858,26-11-2024 02:59,27.8,19.8,0.999
1859,26-11-2024 02:59,25.8,18.41,0.999
1860,26-11-2024 02:59,19.82,14.2,0.999
1861,26-11-2024 02:59,19.38,28.1,0.999
1862,26-11-2024 02:59,33.3,22.05,0.994
1863,26-11-2024 02:59,20.6,14.77,0.999
1864,26-11-2024 02:59,19.29,13.78,0.999
1865,26-11-2024 02:59,10,65.51,0.612
1866,26-11-2024 02:59,14.15,99.9,0.896
1867,26-11-2024 02:59,19.3,13.75,0.999
1868,26-11-2024 02:59,19.3,13.75,0.999
1869,26-11-2024 02:59,19.27,13.73,0.999
1870,26-11-2024 02:59,19.29,13.7,0.999
1871,26-11-2024 02:59,13.68,99.9,0.896
1872,26-11-2024 03:00,19.39,13.81,0.999
1873,26-11-2024 03:00,19.29,13.74,0.999
1874,26-11-2024 03:00,19.26,13.75,0.999
1875,26-11-2024 03:00,32.5,22.37,0.994
1876,26-11-2024 03:00,19.54,13.95,0.999
1877,26-11-2024 03:00,19.25,13.73,0.999
1878,26-11-2024 03:00,19.22,13.71,0.999
1879,26-11-2024 03:00,19.22,13.7,0.999
1880,26-11-2024 03:00,19.2,13.69,0.999
1881,26-11-2024 03:00,26.6,82,0.896
1882,26-11-2024 03:00,20.5,14.56,0.999
1883,26-11-2024 03:00,19.2,13.7,0.999
1884,26-11-2024 03:00,19.58,13.97,0.999
1885,26-11-2024 03:00,19.2,13.68,0.999
1886,26-11-2024 03:00,56.6,81.12,0.29
1887,26-11-2024 03:00,19.53,13.94,0.999
1888,26-11-2024 03:00,19.19,13.69,0.999
1889,26-11-2024 03:00,22.1,15.76,0.999
1890,26-11-2024 03:00,20.9,14.9,0.999
1891,26-11-2024 03:00,20.6,14.75,0.999
1892,26-11-2024 03:00,20.6,14.75,0.999
1893,26-11-2024 03:00,20.6,14.75,0.999
1894,26-11-2024 03:00,20.7,14.75,0.999
1895,26-11-2024 03:00,66.6,89.61,0.896
1896,26-11-2024 03:00,9.2,36.8,0.896
1897,26-11-2024 03:00,19.17,13.67,0.999
1898,26-11-2024 03:00,19.16,13.66,0.999
1899,26-11-2024 03:00,20.2,14.49,0.999
1900,26-11-2024 03:00,19.27,13.74,0.999
1901,26-11-2024 03:00,28.3,19.99,0.997
1902,26-11-2024 03:00,20.4,14.57,0.996
1903,26-11-2024 03:00,19.3,13.77,0.999
1904,26-11-2024 03:00,19.28,13.76,0.999
1905,26-11-2024 03:00,20.5,14.55,0.999
1906,26-11-2024 03:00,26.7,18.87,0.998
1907,26-11-2024 03:00,29.6,20.59,0.996
1908,26-11-2024 03:01,66.6,19.32,0.896
1909,26-11-2024 03:01,19.31,13.78,0.999
1910,26-11-2024 03:01,19.3,13.77,0.999
1911,26-11-2024 03:01,19.29,13.76,0.999
1912,26-11-2024 03:01,19.29,13.76,0.999
1913,26-11-2024 03:01,19.28,13.76,0.999
1914,26-11-2024 03:01,19.28,13.75,0.999
1915,26-11-2024 03:01,61.1,15.14,0.999
1916,26-11-2024 03:01,9.6,14.09,0.999
1917,26-11-2024 03:01,19.3,13.76,0.999
1918,26-11-2024 03:01,19.26,13.74,0.999
1919,26-11-2024 03:01,19.26,13.74,0.999
1920,26-11-2024 03:01,10,21.51,0.112
1921,26-11-2024 03:01,19.29,13.77,0.999
1922,26-11-2024 03:01,26.6,19.58,0.896
1923,26-11-2024 03:01,19.55,13.99,0.992
1924,26-11-2024 03:01,10,89.61,0.06
1925,26-11-2024 03:01,19.22,13.75,0.999
1926,26-11-2024 03:01,16.6,23.58,0.006
1927,26-11-2024 03:01,92.6,41.79,0.896
1928,26-11-2024 03:01,20.9,14.95,0.999
1929,26-11-2024 03:01,2.1,15.05,0.999
1930,26-11-2024 03:01,15.18,99.9,0.212
1931,26-11-2024 03:01,19.31,13.8,0.999
1932,26-11-2024 03:01,32.5,22.37,0.993
1933,26-11-2024 03:01,19.78,66,0.061
1934,26-11-2024 03:01,19.32,13.82,0.999
1935,26-11-2024 03:01,19.65,14.06,0.999
1936,26-11-2024 03:01,19.21,13.74,0.999
1937,26-11-2024 03:01,42.4,28.6,0.931
1938,26-11-2024 03:01,19.27,13.78,0.999
1939,26-11-2024 03:01,19.26,13.77,0.999
1940,26-11-2024 03:01,19.59,14.06,0.999
1941,26-11-2024 03:01,19.48,13.98,0.992
1942,26-11-2024 03:01,36.7,24.89,0.96
1943,26-11-2024 03:01,19.22,13.77,0.999
1944,26-11-2024 03:01,18.88,13.54,0.999
1945,26-11-2024 03:01,36.1,24.5,0.896
1946,26-11-2024 03:01,30.4,2,0.994
1947,26-11-2024 03:02,19.33,13.86,0.999
1948,26-11-2024 03:02,66.6,13.61,0.896
1949,26-11-2024 03:02,18.51,13.24,0.999
1950,26-11-2024 03:02,18.5,13.24,0.999
1951,26-11-2024 03:02,18.47,13.22,0.999
1952,26-11-2024 03:02,18.46,13.21,0.999
1953,26-11-2024 03:02,18.46,13.21,0.999
1954,26-11-2024 03:02,18.43,13.2,0.999
1955,26-11-2024 03:02,18.39,13.16,0.999
1956,26-11-2024 03:02,19.19,13.74,0.999
1957,26-11-2024 03:02,19.15,13.71,0.999
1958,26-11-2024 03:02,19.03,13.64,0.999
1959,26-11-2024 03:02,66.6,29.1,0.896
1960,26-11-2024 03:02,66.6,19.01,0.896
1961,26-11-2024 03:02,20.6,13.51,0.999
1962,26-11-2024 03:02,19.01,13.61,0.999
1963,26-11-2024 03:02,17.5,25.21,0.999
1964,26-11-2024 03:02,12.49,12.51,0.991
1965,26-11-2024 03:02,17.49,12.51,0.999
1966,26-11-2024 03:02,17.49,12.51,0.991
1967,26-11-2024 03:02,12.49,12.51,0.991
1968,26-11-2024 03:02,17.32,12.4,0.999
1969,26-11-2024 03:02,17.8,12.18,0.994
1970,26-11-2024 03:02,17.57,12.57,0.991
1971,26-11-2024 03:02,12.45,12.45,0.999
1972,26-11-2024 03:02,32.9,22.49,0.942
1973,26-11-2024 03:02,16.6,13.59,0.896
1974,26-11-2024 03:02,16.6,17.82,0.896
1975,26-11-2024 03:02,26.6,17.54,0.896
1976,26-11-2024 03:02,17.5,12.53,0.999
1977,26-11-2024 03:02,12.48,25.21,0.896
1978,26-11-2024 03:02,6.6,0.2,0.901
1979,26-11-2024 03:02,16.6,65.1,0.896
1980,26-11-2024 03:02,17.84,12.81,0.993
1981,26-11-2024 03:02,16.6,19.1,0.896
1982,26-11-2024 03:02,26.6,17.45,0.896
1983,26-11-2024 03:02,20.8,26.6,0.061
1984,26-11-2024 03:02,20.7,14.88,0.994
1985,26-11-2024 03:02,20.6,14.84,0.994
1986,26-11-2024 03:02,20.6,14.84,0.994
1987,26-11-2024 03:02,19.09,13.66,0.999
1988,26-11-2024 03:02,13.55,99.9,0.896
1989,26-11-2024 03:02,13.54,99.9,0.681
1990,26-11-2024 03:03,66.6,28.1,0.261
1991,26-11-2024 03:03,66.6,13.57,0.681
1992,26-11-2024 03:03,17.5,12.56,0.993
1993,26-11-2024 03:03,12.43,12.5,0.999
1994,26-11-2024 03:03,17.4,12.47,0.991
1995,26-11-2024 03:03,17.38,12.45,0.991
1996,26-11-2024 03:03,16.6,17.26,0.896
1997,26-11-2024 03:03,17.24,12.35,0.991
1998,26-11-2024 03:03,16.6,21,0.896
1999,26-11-2024 03:03,16.6,12.33,0.896
2000,26-11-2024 03:03,17.21,12.33,0.896
2001,26-11-2024 03:03,6.6,92.1,0.896
2002,26-11-2024 03:03,18.97,13.6,0.999
2003,26-11-2024 03:03,6.8,13.57,0.999
2004,26-11-2024 03:03,56.8,13.6,0.999
2005,26-11-2024 03:03,6.8,13.55,0.999
2006,26-11-2024 03:03,13.54,99.9,0.896
2007,26-11-2024 03:03,12.4,12.48,0.991
2008,26-11-2024 03:03,18.3,13.15,0.991
2009,26-11-2024 03:03,12.43,12.5,0.999
2010,26-11-2024 03:03,12.42,12.49,0.991
2011,26-11-2024 03:03,12.42,12.49,0.896
2012,26-11-2024 03:03,17.42,12.49,0.099
2013,26-11-2024 03:03,16.6,17.41,0.896
2014,26-11-2024 03:03,12.41,12.48,0.999
2015,26-11-2024 03:03,32.6,22.28,0.992
2016,26-11-2024 03:03,18.79,13.49,0.99
2017,26-11-2024 03:03,17.48,12.55,0.999
2018,26-11-2024 03:03,12.76,12.77,0.992
2019,26-11-2024 03:03,0,36,0.896
2020,26-11-2024 03:03,25.4,12.75,0.995
2021,26-11-2024 03:04,19.14,13.77,0.999
2022,26-11-2024 03:04,18.8,13.52,0.999
2023,26-11-2024 03:04,26.6,32.27,0.896
2024,26-11-2024 03:04,6.6,17.84,0.002
2025,26-11-2024 03:04,17.21,12.36,0.991
2026,26-11-2024 03:04,17.2,12.35,0.999
2027,26-11-2024 03:04,17.21,12.35,0.999
2028,26-11-2024 03:04,17.2,12.35,0.099
2029,26-11-2024 03:04,17.2,12.35,0.991
2030,26-11-2024 03:04,17.2,12.35,0.991
2031,26-11-2024 03:04,17.56,12.64,0.992
2032,26-11-2024 03:04,17.19,12.35,0.999
2033,26-11-2024 03:04,66.6,17.22,0.896
2034,26-11-2024 03:04,17.56,12.63,0.992
2035,26-11-2024 03:04,17.24,12.38,0.999
2036,26-11-2024 03:04,13.52,99.9,0.896
2037,26-11-2024 03:04,18.87,13.52,0.999
2038,26-11-2024 03:04,18.79,13.49,0.999
2039,26-11-2024 03:04,18.74,13.46,0.999
2040,26-11-2024 03:04,13.74,99.9,0.061
2041,26-11-2024 03:04,18.72,13.46,0.999
2042,26-11-2024 03:04,18.8,13.54,0.994
2043,26-11-2024 03:04,17.26,12.4,0.991
2044,26-11-2024 03:04,17.29,12.38,0.991
2045,26-11-2024 03:04,7.2,23.5,0.896
2046,26-11-2024 03:04,17.2,12.35,0.991
2047,26-11-2024 03:04,12.16,28.21,0.099
2048,26-11-2024 03:04,12.13,12.3,0.991
2049,26-11-2024 03:04,16.6,62.21,0.896
2050,26-11-2024 03:04,12.28,99.1,0.896
2051,26-11-2024 03:04,16.6,12.1,0.896
2052,26-11-2024 03:04,16.6,12.11,0.896
2053,26-11-2024 03:04,17.09,12.21,0.099
2054,26-11-2024 03:04,26.6,61.21,0.896
2055,26-11-2024 03:04,16.6,22.1,0.896
2056,26-11-2024 03:04,12,12.21,0.991
2057,26-11-2024 03:04,16.6,17,0.896
2058,26-11-2024 03:04,17.43,12.56,0.994
2059,26-11-2024 03:04,18.54,13.4,0.999
2060,26-11-2024 03:05,27.1,96.81,0.995
2061,26-11-2024 03:05,66.6,68.1,0.896
2062,26-11-2024 03:05,18.75,13.49,0.999
2063,26-11-2024 03:05,18.59,13.44,0.999
2064,26-11-2024 03:05,18.66,13.41,0.999
2065,26-11-2024 03:05,18.54,13.4,0.999
2066,26-11-2024 03:05,19.16,13.8,0.896
2067,26-11-2024 03:05,16.6,12.51,0.896
2068,26-11-2024 03:05,12.14,12.31,0.896
2069,26-11-2024 03:05,12.14,12.31,0.099
2070,26-11-2024 03:05,12.19,12.35,0.991
2071,26-11-2024 03:05,16.6,12.31,0.896
2072,26-11-2024 03:05,12.13,12.3,0.991
2073,26-11-2024 03:05,16.6,12.3,0.896
2074,26-11-2024 03:05,29.2,20.28,0.995
2075,26-11-2024 03:05,12.11,12.3,0.999
2076,26-11-2024 03:05,16.6,12.3,0.896
2077,26-11-2024 03:05,16.6,12.3,0.896
2078,26-11-2024 03:05,16.6,12.3,0.896
2079,26-11-2024 03:05,16.6,12.11,0.896
2080,26-11-2024 03:05,12.1,12.3,0.991
2081,26-11-2024 03:05,18.71,13.48,0.999
2082,26-11-2024 03:05,18.7,13.46,0.999
2083,26-11-2024 03:05,19.4,13.9,0.998
2084,26-11-2024 03:05,66.6,19.01,0.896
2085,26-11-2024 03:05,18.56,13.45,0.999
2086,26-11-2024 03:05,18.54,13.42,0.999
2087,26-11-2024 03:05,32.9,22.77,0.994
2088,26-11-2024 03:05,18.56,13.44,0.999
2089,26-11-2024 03:05,12.1,28.21,0.999
2090,26-11-2024 03:05,12.1,12.31,0.991
2091,26-11-2024 03:05,26.3,18.44,0.997
2092,26-11-2024 03:05,17.99,12.88,0.896
2093,26-11-2024 03:05,28.6,18.84,0.896
2094,26-11-2024 03:05,16.6,17.09,0.896
2095,26-11-2024 03:05,16.6,12.1,0.896
2096,26-11-2024 03:05,12.11,12.31,0.099
2097,26-11-2024 03:05,16.6,12.1,0.896
2098,26-11-2024 03:05,17.09,12.3,0.991
2099,26-11-2024 03:05,35.6,23.95,0.925
2100,26-11-2024 03:05,68.6,19.17,0.896
2101,26-11-2024 03:05,12.47,12.59,0.992
2102,26-11-2024 03:06,18.25,13.14,0.991
2103,26-11-2024 03:06,26.6,17.1,0.896
2104,26-11-2024 03:06,12.1,12.3,0.991
2105,26-11-2024 03:06,16.6,12.1,0.896
2106,26-11-2024 03:06,17.09,12.31,0.991
2107,26-11-2024 03:06,17.08,12.31,0.099
2108,26-11-2024 03:06,36.2,24.87,0.06
2109,26-11-2024 03:06,21,14.99,0.998
2110,26-11-2024 03:06,18.4,13.33,0.994
2111,26-11-2024 03:06,18.71,13.56,0.999
2112,26-11-2024 03:06,19.16,13.74,0.994
2113,26-11-2024 03:06,18.94,13.58,0.994
2114,26-11-2024 03:06,26.6,56.12,0.002
2115,26-11-2024 03:06,12.12,12.2,0.999
2116,26-11-2024 03:06,6.6,17.54,0.896
2117,26-11-2024 03:06,26.6,12.94,0.896
2118,26-11-2024 03:06,27.4,18.88,0.994
2119,26-11-2024 03:06,12.16,12.23,0.999
2120,26-11-2024 03:06,16.6,22.1,0.896
2121,26-11-2024 03:06,21.2,12.21,0.999
2122,26-11-2024 03:06,69.8,13.24,0.984
2123,26-11-2024 03:06,18.54,13.24,0.999
2124,26-11-2024 03:06,17.09,12.18,0.99
2125,26-11-2024 03:06,16.6,12.76,0.896
2126,26-11-2024 03:06,17.07,12.18,0.991
2127,26-11-2024 03:06,17.08,12.19,0.999
2128,26-11-2024 03:06,16.6,18.76,0.896
2129,26-11-2024 03:06,12.16,12.24,0.999
2130,26-11-2024 03:06,26.6,21,0.896
2131,26-11-2024 03:06,17.09,12.19,0.999
2132,26-11-2024 03:06,26.6,17.07,0.896
2133,26-11-2024 03:06,17.07,12.19,0.991
2134,26-11-2024 03:06,16.6,61.21,0.896
2135,26-11-2024 03:07,17.06,61.21,0.896
2136,26-11-2024 03:07,17.06,61.21,0.896
2137,26-11-2024 03:07,16.6,17.06,0.896
2138,26-11-2024 03:07,16.6,11.21,0.896
2139,26-11-2024 03:07,16.6,12.1,0.896
2140,26-11-2024 03:07,16.95,12.1,0.991
2141,26-11-2024 03:07,16.95,12.1,0.896
2142,26-11-2024 03:07,16.6,12.1,0.896
2143,26-11-2024 03:07,16.94,12.1,0.991
2144,26-11-2024 03:07,11.21,56.91,0.991
2145,26-11-2024 03:07,16.6,11.21,0.896
2146,26-11-2024 03:07,16.6,16.94,0.896
2147,26-11-2024 03:07,16.6,12.1,0.691
2148,26-11-2024 03:07,16.6,11.21,0.691
2149,26-11-2024 03:07,16.6,12.1,0.691
2150,26-11-2024 03:07,16.6,11.21,0.691
2151,26-11-2024 03:07,16.6,11.21,0.691
2152,26-11-2024 03:07,16.94,11.21,0.896
2153,26-11-2024 03:07,17.97,12.77,0.984
2154,26-11-2024 03:07,18.48,13.24,0.993
2155,26-11-2024 03:07,16.6,11.21,0.691
2156,26-11-2024 03:07,16.94,21.21,0.896
2157,26-11-2024 03:07,16.94,21.31,0.896
2158,26-11-2024 03:07,16.6,21.21,0.631
2159,26-11-2024 03:07,16.6,21.21,0.896
2160,26-11-2024 03:07,16.94,21.21,0.896
2161,26-11-2024 03:07,16.6,21.21,0.896
2162,26-11-2024 03:07,16.94,16.6,0.896
2163,26-11-2024 03:07,16.6,11.21,0.691
2164,26-11-2024 03:07,16.6,11.21,0.691
2165,26-11-2024 03:07,16.6,11.21,0.691
2166,26-11-2024 03:07,16.6,11.21,0.631
2167,26-11-2024 03:07,16.6,11.21,0.691
2168,26-11-2024 03:07,16.6,11.21,0.691
2169,26-11-2024 03:07,16.6,11.21,0.691
2170,26-11-2024 03:07,16.93,11.21,0.991
2171,26-11-2024 03:07,16.6,21.21,0.691
2172,26-11-2024 03:07,16.6,11.21,0.691
2173,26-11-2024 03:07,16.6,21.21,0.691
2174,26-11-2024 03:08,16.6,21.21,0.691
2175,26-11-2024 03:08,16.6,21.21,0.691
2176,26-11-2024 03:08,16.6,21.21,0.691
2177,26-11-2024 03:08,16.6,21.21,0.691
2178,26-11-2024 03:08,16.6,21.21,0.691
2179,26-11-2024 03:08,16.6,21.21,0.691
2180,26-11-2024 03:08,16.6,21.21,0.691
2181,26-11-2024 03:08,16.6,11.21,0.691
2182,26-11-2024 03:08,18.53,13.25,0.991
2183,26-11-2024 03:08,16.95,16.6,0.896
2184,26-11-2024 03:08,16.6,11.21,0.896
2185,26-11-2024 03:08,16.6,12.1,0.896
2186,26-11-2024 03:08,16.94,16.6,0.121
2187,26-11-2024 03:08,16.94,12.1,0.896
2188,26-11-2024 03:08,16.94,12.1,0.991
2189,26-11-2024 03:08,16.6,16.94,0.896
2190,26-11-2024 03:08,16.6,16.94,0.896
2191,26-11-2024 03:08,16.94,12.1,0.991
2192,26-11-2024 03:08,16.94,12.1,0.896
2193,26-11-2024 03:08,16.94,12.1,0.896
2194,26-11-2024 03:08,16.94,12.1,0.991
2195,26-11-2024 03:08,16.94,11.21,0.896
2196,26-11-2024 03:08,16.6,11.21,0.896
2197,26-11-2024 03:08,16.6,11.21,0.896
2198,26-11-2024 03:08,16.95,16.6,0.896
2199,26-11-2024 03:08,16.6,11.21,0.896
2200,26-11-2024 03:08,66.6,21.21,0.896
2201,26-11-2024 03:08,16.99,12.14,0.999
2202,26-11-2024 03:08,17,12.14,0.999
2203,26-11-2024 03:08,17,12.14,0.999
2204,26-11-2024 03:08,16.6,21,0.691
2205,26-11-2024 03:08,16.94,11.21,0.896
2206,26-11-2024 03:08,16.6,11.21,0.896
2207,26-11-2024 03:08,12.09,99.1,0.896
2208,26-11-2024 03:08,16.6,12.1,0.896
2209,26-11-2024 03:08,16.6,12.1,0.896
2210,26-11-2024 03:08,16.6,12.1,0.896
2211,26-11-2024 03:08,16.6,12.1,0.896
2212,26-11-2024 03:08,16.6,12.1,0.896
2213,26-11-2024 03:08,16.6,12.1,0.896
2214,26-11-2024 03:08,16.6,12.1,0.896
2215,26-11-2024 03:08,12.1,99.1,0.896
2216,26-11-2024 03:08,16.6,12.1,0.896
2217,26-11-2024 03:08,16.6,11.21,0.896
2218,26-11-2024 03:08,16.6,12.1,0.896
2219,26-11-2024 03:08,16.91,12.1,0.991
2220,26-11-2024 03:09,16.6,12.1,0.896
2221,26-11-2024 03:09,16.6,12.1,0.896
2222,26-11-2024 03:09,16.6,12.1,0.896
2223,26-11-2024 03:09,16.6,12.1,0.896
2224,26-11-2024 03:09,16.91,12.1,0.991
2225,26-11-2024 03:09,16.6,12.1,0.896
2226,26-11-2024 03:09,16.6,12.1,0.896
2227,26-11-2024 03:09,16.6,12.1,0.896
2228,26-11-2024 03:09,16.9,12.1,0.991
2229,26-11-2024 03:09,16.6,12.09,0.896
2230,26-11-2024 03:09,16.9,12.09,0.991
2231,26-11-2024 03:09,16.9,12.09,0.991
2232,26-11-2024 03:09,16.91,12.09,0.991
2233,26-11-2024 03:09,12.1,99.1,0.896
2234,26-11-2024 03:09,16.6,12.09,0.896
2235,26-11-2024 03:09,16.9,12.09,0.991
2236,26-11-2024 03:09,16.6,12.1,0.691
2237,26-11-2024 03:09,16.91,12.1,0.991
2238,26-11-2024 03:09,16.9,12.09,0.991
2239,26-11-2024 03:09,16.9,12.1,0.991
2240,26-11-2024 03:09,16.6,16.9,0.896
2241,26-11-2024 03:09,16.6,12.1,0.691
2242,26-11-2024 03:09,16.6,12.1,0.896
2243,26-11-2024 03:09,16.6,16.91,0.896
2244,26-11-2024 03:09,16.6,12.1,0.896
2245,26-11-2024 03:09,16.6,12.1,0.896
2246,26-11-2024 03:09,16.9,12.09,0.991
2247,26-11-2024 03:09,16.9,12.09,0.099
2248,26-11-2024 03:09,16.9,12.09,0.991
2249,26-11-2024 03:09,16.9,12.09,0.991
2250,26-11-2024 03:09,16.9,12.09,0.991
2251,26-11-2024 03:09,16.89,12.09,0.991
2252,26-11-2024 03:09,16.9,12.09,0.991
2253,26-11-2024 03:09,16.9,12.09,0.991
2254,26-11-2024 03:09,16.88,12.09,0.991
2255,26-11-2024 03:09,16.9,12.1,0.991
2256,26-11-2024 03:09,16.9,12.08,0.999
2257,26-11-2024 03:09,16.9,12.09,0.999
2258,26-11-2024 03:09,16.6,16.9,0.896
2259,26-11-2024 03:09,16.91,12.1,0.099
2260,26-11-2024 03:09,16.6,11.21,0.896
2261,26-11-2024 03:09,16.9,12.1,0.099
2262,26-11-2024 03:10,16.89,12.1,0.991
2263,26-11-2024 03:10,16.9,12.1,0.099
2264,26-11-2024 03:10,16.6,11.21,0.896
2265,26-11-2024 03:10,16.6,11.21,0.896
2266,26-11-2024 03:10,16.9,12.1,0.991
2267,26-11-2024 03:10,16.9,12.1,0.896
2268,26-11-2024 03:10,96.9,12.1,0.991
2269,26-11-2024 03:10,16.6,11.21,0.896
2270,26-11-2024 03:10,16.9,11.21,0.896
2271,26-11-2024 03:10,16.6,11.21,0.896
2272,26-11-2024 03:10,16.6,11.21,0.691
2273,26-11-2024 03:10,16.6,11.21,0.691
2274,26-11-2024 03:10,16.6,11.21,0.896
2275,26-11-2024 03:10,16.6,16.9,0.896
2276,26-11-2024 03:10,16.6,12.1,0.896
2277,26-11-2024 03:10,16.9,12.1,0.991
2278,26-11-2024 03:10,18.54,13.36,0.995
2279,26-11-2024 03:10,18.55,13.36,0.994
2280,26-11-2024 03:10,18.55,13.37,0.994
2281,26-11-2024 03:10,16.9,16.6,0.896
2282,26-11-2024 03:10,16.9,12.1,0.896
2283,26-11-2024 03:10,16.9,12.1,0.991
2284,26-11-2024 03:10,16.9,12.1,0.991
2285,26-11-2024 03:10,6.9,42.1,0.991
2286,26-11-2024 03:10,16.6,11.21,0.691
2287,26-11-2024 03:10,16.6,12.1,0.896
2288,26-11-2024 03:10,16.6,12.1,0.691
2289,26-11-2024 03:10,16.9,12.1,0.991
2290,26-11-2024 03:10,16.89,12.1,0.991
2291,26-11-2024 03:10,16.89,12.1,0.896
2292,26-11-2024 03:10,16.89,12.1,0.991
2293,26-11-2024 03:10,21.2,16.91,0.999
2294,26-11-2024 03:10,12.1,69.1,0.999
2295,26-11-2024 03:10,16.94,66.6,0.021
2296,26-11-2024 03:10,16.95,21,0.999
2297,26-11-2024 03:10,16.6,11.21,0.896
2298,26-11-2024 03:10,16.6,16.9,0.896
2299,26-11-2024 03:10,16.9,12.1,0.991
2300,26-11-2024 03:10,16.89,12.1,0.896
2301,26-11-2024 03:10,16.9,12.1,0.991
2302,26-11-2024 03:10,16.6,11.21,0.896
2303,26-11-2024 03:11,16.6,12.1,0.691
2304,26-11-2024 03:11,66.6,12.1,0.691
2305,26-11-2024 03:11,66.6,12.1,0.896
2306,26-11-2024 03:11,16.6,21.21,0.896
2307,26-11-2024 03:11,16.6,12.1,0.896
2308,26-11-2024 03:11,16.98,12.1,0.991
2309,26-11-2024 03:11,16.6,12.1,0.896
2310,26-11-2024 03:11,16.6,12.1,0.896
2311,26-11-2024 03:11,16.6,11.21,0.896
2312,26-11-2024 03:11,16.6,11.21,0.896
2313,26-11-2024 03:11,16.6,11.21,0.896
2314,26-11-2024 03:11,16.6,11.21,0.896
2315,26-11-2024 03:11,16.6,11.21,0.896
2316,26-11-2024 03:11,16.88,12.11,0.991
2317,26-11-2024 03:11,16.89,21,0.896
2318,26-11-2024 03:11,16.6,11.21,0.896
2319,26-11-2024 03:11,26.6,21.21,0.896
2320,26-11-2024 03:11,26.6,11.21,0.896
2321,26-11-2024 03:11,26.6,11.21,0.896
2322,26-11-2024 03:11,16.88,11.21,0.991
2323,26-11-2024 03:11,9.9,12.1,0.896
2324,26-11-2024 03:11,16.6,11.21,0.896
2325,26-11-2024 03:11,16.6,11.21,0.896
2326,26-11-2024 03:11,16.6,11.21,0.896
2327,26-11-2024 03:11,16.6,11.21,0.896
2328,26-11-2024 03:11,16.89,21.21,0.896
2329,26-11-2024 03:11,16.6,21.21,0.896
2330,26-11-2024 03:11,16.89,16.6,0.896
2331,26-11-2024 03:11,16.6,11.21,0.896
2332,26-11-2024 03:11,16.89,11.21,0.896
2333,26-11-2024 03:11,16.6,11.21,0.896
2334,26-11-2024 03:11,16.6,11.21,0.896
2335,26-11-2024 03:11,16.87,11.21,0.991
2336,26-11-2024 03:11,16.6,11.21,0.896
2337,26-11-2024 03:11,16.6,21.21,0.896
2338,26-11-2024 03:11,16.88,12.12,0.999
2339,26-11-2024 03:11,16.6,21.21,0.896
2340,26-11-2024 03:11,16.6,21.21,0.891
2341,26-11-2024 03:11,16.6,21.21,0.896
2342,26-11-2024 03:11,16.6,21.21,0.896
2343,26-11-2024 03:11,16.6,21.21,0.891
2344,26-11-2024 03:11,16.6,21.21,0.896
2345,26-11-2024 03:11,16.6,21.21,0.896
2346,26-11-2024 03:11,16.6,11.21,0.896
2347,26-11-2024 03:11,16.6,21.21,0.896
2348,26-11-2024 03:11,16.87,21.21,0.991
2349,26-11-2024 03:11,16.6,21.21,0.896
2350,26-11-2024 03:11,16.87,21.21,0.896
2351,26-11-2024 03:11,16.6,21.21,0.891
2352,26-11-2024 03:12,6.9,21.2,0.898
2353,26-11-2024 03:12,16.87,11.21,0.896
2354,26-11-2024 03:12,16.6,11.21,0.891
2355,26-11-2024 03:12,16.6,11.21,0.896
2356,26-11-2024 03:12,16.87,11.21,0.991
2357,26-11-2024 03:12,16.87,11.21,0.896
2358,26-11-2024 03:12,16.87,11.21,0.896
2359,26-11-2024 03:12,16.6,21.21,0.891
2360,26-11-2024 03:12,16.87,21.21,0.896
2361,26-11-2024 03:12,16.87,11.21,0.896
2362,26-11-2024 03:12,16.6,11.21,0.896
2363,26-11-2024 03:12,16.87,16.6,0.896
2364,26-11-2024 03:12,16.87,11.21,0.896
2365,26-11-2024 03:12,16.6,11.21,0.896
2366,26-11-2024 03:12,16.6,11.21,0.896
2367,26-11-2024 03:12,16.88,11.21,0.896
2368,26-11-2024 03:12,16.5,11.21,0.896
2369,26-11-2024 03:12,16.6,11.21,0.896
2370,26-11-2024 03:12,16.88,16.6,0.896
2371,26-11-2024 03:12,16.6,11.21,0.896
2372,26-11-2024 03:12,16.88,12.1,0.991
2373,26-11-2024 03:12,16.6,11.21,0.896
2374,26-11-2024 03:12,16.6,11.21,0.896
2375,26-11-2024 03:12,16.6,11.21,0.896
2376,26-11-2024 03:12,16.9,21.21,0.896
2377,26-11-2024 03:12,16.6,21,0.896
2378,26-11-2024 03:12,16.9,21.21,0.991
2379,26-11-2024 03:12,16.6,11.21,0.896
2380,26-11-2024 03:12,16.89,11.21,0.896
2381,26-11-2024 03:12,165.6,11.21,0.896
2382,26-11-2024 03:12,16.89,12.11,0.099
2383,26-11-2024 03:12,16.6,11.21,0.896
2384,26-11-2024 03:12,16.6,11.21,0.896
2385,26-11-2024 03:12,16.6,11.21,0.896
2386,26-11-2024 03:12,16.6,11.21,0.896
2387,26-11-2024 03:12,16.6,11.21,0.896
2388,26-11-2024 03:12,11.21,88.91,0.099
2389,26-11-2024 03:12,16.6,11.21,0.896
2390,26-11-2024 03:12,16.6,11.21,0.896
2391,26-11-2024 03:12,16.6,11.21,0.896
2392,26-11-2024 03:12,16.6,11.21,0.891
2393,26-11-2024 03:12,16.87,12.1,0.991
2394,26-11-2024 03:12,16.6,16.87,0.896
2395,26-11-2024 03:12,16.6,12.1,0.896
2396,26-11-2024 03:12,16.6,11.21,0.896
2397,26-11-2024 03:12,16.6,11.21,0.896
2398,26-11-2024 03:12,16.6,11.21,0.896
2399,26-11-2024 03:12,16.6,21.21,0.891
2400,26-11-2024 03:12,16.6,21.21,0.896
2401,26-11-2024 03:12,16.6,21.21,0.896
2402,26-11-2024 03:13,16.6,21.21,0.896
2403,26-11-2024 03:13,16.6,21.21,0.896
2404,26-11-2024 03:13,16.6,21.21,0.891
2405,26-11-2024 03:13,16.6,21.21,0.891
2406,26-11-2024 03:13,16.6,21.21,0.896
2407,26-11-2024 03:13,16.6,21.21,0.896
2408,26-11-2024 03:13,16.6,21.21,0.896
2409,26-11-2024 03:13,16.6,12.1,0.896
2410,26-11-2024 03:13,16.6,21,0.896
2411,26-11-2024 03:13,16.6,12.1,0.896
2412,26-11-2024 03:13,16.6,21,0.896
2413,26-11-2024 03:13,16.6,12.1,0.896
2414,26-11-2024 03:13,16.6,12.1,0.896
2415,26-11-2024 03:13,16.6,12.1,0.891
2416,26-11-2024 03:13,26.6,12.1,0.896
2417,26-11-2024 03:13,12.1,58.91,0.991
2418,26-11-2024 03:13,16.6,12.1,0.896
2419,26-11-2024 03:13,16.6,12.1,0.896
2420,26-11-2024 03:13,16.6,12.1,0.896
2421,26-11-2024 03:13,16.6,12.1,0.896
2422,26-11-2024 03:13,16.6,12.1,0.896
2423,26-11-2024 03:13,16.6,21,0.896
2424,26-11-2024 03:13,16.6,12.1,0.896
2425,26-11-2024 03:13,26.6,12.1,0.896
2426,26-11-2024 03:13,26.6,12.1,0.896
2427,26-11-2024 03:13,26.6,12.1,0.896
2428,26-11-2024 03:13,26.6,12.1,0.896
2429,26-11-2024 03:13,16.6,21,0.896
2430,26-11-2024 03:13,16.84,16.6,0.021
2431,26-11-2024 03:13,16.6,12.14,0.896
2432,26-11-2024 03:13,16.6,12.1,0.896
2433,26-11-2024 03:13,16.6,51.21,0.896
2434,26-11-2024 03:13,16.84,12.14,0.991
2435,26-11-2024 03:13,16.84,12.14,0.991
2436,26-11-2024 03:13,16.84,16.6,0.121
2437,26-11-2024 03:13,16.84,12.15,0.991
2438,26-11-2024 03:13,16.6,12.15,0.896
2439,26-11-2024 03:13,16.95,12.14,0.991
2440,26-11-2024 03:13,16.85,12.07,0.995
2441,26-11-2024 03:13,16.89,12.07,0.993
2442,26-11-2024 03:13,16.94,12.08,0.991
2443,26-11-2024 03:13,16.94,12.08,0.991
2444,26-11-2024 03:13,6.9,12.08,0.991
2445,26-11-2024 03:13,16.6,16.93,0.896
2446,26-11-2024 03:14,6.6,12.08,0.691
2447,26-11-2024 03:14,16.6,12.08,0.691
2448,26-11-2024 03:14,16.93,12.08,0.991
2449,26-11-2024 03:14,16.6,12.08,0.691
2450,26-11-2024 03:14,16.93,12.08,0.991
2451,26-11-2024 03:14,16.6,80.21,0.896
2452,26-11-2024 03:14,16.6,80.21,0.896
2453,26-11-2024 03:14,16.6,12.08,0.896
2454,26-11-2024 03:14,6.9,12.08,0.991
2455,26-11-2024 03:14,16.6,12.08,0.691
2456,26-11-2024 03:14,12.08,99.1,0.896
2457,26-11-2024 03:14,16.6,12.08,0.896
2458,26-11-2024 03:14,16.6,12.09,0.896
2459,26-11-2024 03:14,16.6,12.08,0.896
2460,26-11-2024 03:14,16.6,12.09,0.896
2461,26-11-2024 03:14,66.6,12.08,0.896
2462,26-11-2024 03:14,16.6,12.08,0.691
2463,26-11-2024 03:14,16.6,12.07,0.896
2464,26-11-2024 03:14,16.93,12.07,0.999
2465,26-11-2024 03:14,6.9,12.07,0.991
2466,26-11-2024 03:14,16.93,12.07,0.991
2467,26-11-2024 03:14,18.01,12.02,0.99
2468,26-11-2024 03:14,18.46,13.27,0.996
2469,26-11-2024 03:14,18.56,13.29,0.993
2470,26-11-2024 03:14,18.56,13.29,0.994
2471,26-11-2024 03:14,18.55,13.3,0.994
2472,26-11-2024 03:14,18.56,13.3,0.994
2473,26-11-2024 03:14,16.94,12.08,0.991
2474,26-11-2024 03:14,16.6,12.07,0.691
2475,26-11-2024 03:14,16.93,12.07,0.099
2476,26-11-2024 03:14,16.93,12.08,0.991
2477,26-11-2024 03:14,16.6,12.08,0.691
2478,26-11-2024 03:14,16.94,12.08,0.991
2479,26-11-2024 03:14,16.94,12.08,0.991
2480,26-11-2024 03:14,16.93,12.07,0.991
2481,26-11-2024 03:14,16.6,16.93,0.896
2482,26-11-2024 03:15,16.93,12.07,0.991
2483,26-11-2024 03:15,16.6,16.94,0.896
2484,26-11-2024 03:15,16.94,12.08,0.991
2485,26-11-2024 03:15,16.94,12.08,0.991
2486,26-11-2024 03:15,16.94,12.08,0.991
2487,26-11-2024 03:15,16.94,12.08,0.991
2488,26-11-2024 03:15,16.94,12.07,0.991
2489,26-11-2024 03:15,16.6,12.07,0.691
2490,26-11-2024 03:15,16.6,16.94,0.896
2491,26-11-2024 03:15,16.94,12.08,0.991
2492,26-11-2024 03:15,16.94,12.08,0.991
2493,26-11-2024 03:15,16.94,12.08,0.991
2494,26-11-2024 03:15,16.94,12.08,0.991
2495,26-11-2024 03:15,16.6,12.01,0.691
2496,26-11-2024 03:15,16.93,12.08,0.099
2497,26-11-2024 03:15,16.6,12.08,0.896
2498,26-11-2024 03:15,16.6,12.08,0.896
2499,26-11-2024 03:15,16.92,12.08,0.991
2500,26-11-2024 03:15,16.95,12.1,0.991
2501,26-11-2024 03:15,17.35,12.45,0.996
2502,26-11-2024 03:15,17.29,12.39,0.994
2503,26-11-2024 03:15,16.97,21.21,0.896
2504,26-11-2024 03:15,16.96,21.21,0.896
2505,26-11-2024 03:15,16.95,21.21,0.896
2506,26-11-2024 03:15,16.6,11.21,0.896
2507,26-11-2024 03:15,12.41,28.21,0.919
2508,26-11-2024 03:15,25.2,17.81,0.896
2509,26-11-2024 03:15,26.6,12.1,0.896
2510,26-11-2024 03:15,16.6,11.21,0.896
2511,26-11-2024 03:15,16.96,12.1,0.896
2512,26-11-2024 03:15,16.96,12.1,0.991
2513,26-11-2024 03:15,16.94,12.08,0.991
2514,26-11-2024 03:15,16.94,12.07,0.991
2515,26-11-2024 03:15,16.91,12.05,0.991
2516,26-11-2024 03:15,16.9,12.04,0.991
2517,26-11-2024 03:15,16.9,21,0.896
2518,26-11-2024 03:15,16.6,20.21,0.896
2519,26-11-2024 03:15,16.6,20.21,0.896
2520,26-11-2024 03:15,16.6,20.21,0.896
2521,26-11-2024 03:15,16.89,20.21,0.896
2522,26-11-2024 03:16,16.6,21,0.896
2523,26-11-2024 03:16,12.16,12.26,0.66
2524,26-11-2024 03:16,16.98,12.09,0.999
2525,26-11-2024 03:16,23.9,16.91,0.996
2526,26-11-2024 03:16,23.3,16.6,0.999
2527,26-11-2024 03:16,16.6,16.99,0.896
2528,26-11-2024 03:16,16.97,12.08,0.999
2529,26-11-2024 03:16,16.94,12.07,0.991
2530,26-11-2024 03:16,16.94,12.07,0.991
2531,26-11-2024 03:16,16.6,12.06,0.896
2532,26-11-2024 03:16,16.6,12.06,0.896
2533,26-11-2024 03:16,16.93,12.07,0.991
2534,26-11-2024 03:16,16.6,16.93,0.896
2535,26-11-2024 03:16,16.6,50.21,0.896
2536,26-11-2024 03:16,12.04,99.1,0.896
2537,26-11-2024 03:16,16.9,21,0.896
2538,26-11-2024 03:16,16.9,12.03,0.999
2539,26-11-2024 03:16,16.6,12.03,0.896
2540,26-11-2024 03:16,16.6,16.91,0.896
2541,26-11-2024 03:16,16.6,21,0.896
2542,26-11-2024 03:16,16.6,12.03,0.896
2543,26-11-2024 03:16,16.91,12.03,0.896
2544,26-11-2024 03:16,16.6,21,0.896
2545,26-11-2024 03:16,16.6,21,0.896
2546,26-11-2024 03:16,16.91,20.21,0.999
2547,26-11-2024 03:16,10,16.91,0.896
2548,26-11-2024 03:16,66.6,21,0.896
2549,26-11-2024 03:16,10,26.91,0.021
2550,26-11-2024 03:16,66.6,12.02,0.896
2551,26-11-2024 03:16,16.6,12.02,0.896
2552,26-11-2024 03:16,16.6,20.21,0.896
2553,26-11-2024 03:16,16.6,12.03,0.896
2554,26-11-2024 03:16,16.6,20.21,0.896
2555,26-11-2024 03:16,16.6,20.21,0.896
2556,26-11-2024 03:16,16.6,20.21,0.691
2557,26-11-2024 03:16,16.6,20.21,0.896
2558,26-11-2024 03:16,16.91,12.03,0.991
2559,26-11-2024 03:16,16.6,12.03,0.896
2560,26-11-2024 03:16,16.6,12.03,0.896
2561,26-11-2024 03:16,16.9,16.6,0.896
2562,26-11-2024 03:16,16.9,20.21,0.896
2563,26-11-2024 03:16,16.6,20.21,0.896
2564,26-11-2024 03:16,16.6,20.21,0.691
2565,26-11-2024 03:16,16.9,20.21,0.896
2566,26-11-2024 03:16,16.6,20.21,0.691
2567,26-11-2024 03:17,66.6,20.21,0.896
2568,26-11-2024 03:17,16.6,20.21,0.896
2569,26-11-2024 03:17,12.02,99.1,0.896
2570,26-11-2024 03:17,16.6,12.01,0.896
2571,26-11-2024 03:17,16.6,20.21,0.896
2572,26-11-2024 03:17,16.6,12.02,0.896
2573,26-11-2024 03:17,16.6,20.21,0.896
2574,26-11-2024 03:17,16.6,20.21,0.896
2575,26-11-2024 03:17,16.6,12.02,0.896
2576,26-11-2024 03:17,16.6,20.21,0.896
2577,26-11-2024 03:17,66.6,20.21,0.896
2578,26-11-2024 03:17,16.6,20.21,0.896
2579,26-11-2024 03:17,16.91,12.01,0.991
2580,26-11-2024 03:17,16.6,20.21,0.896
2581,26-11-2024 03:17,16.6,20.21,0.896
2582,26-11-2024 03:17,16.6,20.21,0.896
2583,26-11-2024 03:17,16.6,20.21,0.896
2584,26-11-2024 03:17,16.6,20.21,0.896
2585,26-11-2024 03:17,16.9,12.01,0.991
2586,26-11-2024 03:17,16.6,20.21,0.896
2587,26-11-2024 03:17,12.01,99.1,0.896
2588,26-11-2024 03:17,16.91,12.01,0.099
2589,26-11-2024 03:17,12.01,99.1,0.896
2590,26-11-2024 03:17,16.91,12.01,0.991
2591,26-11-2024 03:17,16.6,10.21,0.896
2592,26-11-2024 03:17,26.9,12.01,0.991
2593,26-11-2024 03:17,16.93,12,0.991
2594,26-11-2024 03:17,16.93,12,0.991
2595,26-11-2024 03:17,16.6,10.21,0.691
2596,26-11-2024 03:17,16.6,10.21,0.896
2597,26-11-2024 03:17,16.6,16.92,0.896
2598,26-11-2024 03:17,16.93,12.01,0.991
2599,26-11-2024 03:17,16.6,12,0.896
2600,26-11-2024 03:17,16.93,12.01,0.991
2601,26-11-2024 03:17,16.93,12.01,0.896
2602,26-11-2024 03:17,16.6,16.93,0.896
2603,26-11-2024 03:17,16.6,16.93,0.896
2604,26-11-2024 03:17,26.9,12,0.991
2605,26-11-2024 03:18,16.93,12.01,0.991
2606,26-11-2024 03:18,16.6,12.01,0.896
2607,26-11-2024 03:18,16.6,12,0.691
2608,26-11-2024 03:18,16.93,12.01,0.999
2609,26-11-2024 03:18,16.93,12,0.999
2610,26-11-2024 03:18,16.93,12.01,0.999
2611,26-11-2024 03:18,16.93,12,0.099
2612,26-11-2024 03:18,16.93,12,0.991
2613,26-11-2024 03:18,16.6,12,0.896
2614,26-11-2024 03:18,16.93,12.01,0.991
2615,26-11-2024 03:18,16.93,12.01,0.991
2616,26-11-2024 09:20,16.6,12,0.691
2617,26-11-2024 09:20,16.93,12,0.896
2618,26-11-2024 09:20,16.6,16.93,0.896
2619,26-11-2024 09:20,16.6,12.01,0.691
2620,26-11-2024 09:20,16.93,12.01,0.991
2621,26-11-2024 09:20,16.6,20.21,0.691
2622,26-11-2024 09:20,16.6,12.01,0.691
2623,26-11-2024 09:20,16.94,12.01,0.991
2624,26-11-2024 09:20,16.93,12,0.896
2625,26-11-2024 09:20,16.6,16.93,0.896
2626,26-11-2024 09:20,16.94,12,0.991
2627,26-11-2024 09:20,16.94,10.21,0.999
2628,26-11-2024 09:20,16.93,12,0.999
2629,26-11-2024 09:20,16.94,12,0.991
2630,26-11-2024 09:20,16.94,12.01,0.999
2631,26-11-2024 09:20,86.9,20,0.896
2632,26-11-2024 09:20,16.94,12.01,0.991
2633,26-11-2024 09:20,16.6,12.01,0.691
2634,26-11-2024 09:20,16.93,12.01,0.991
2635,26-11-2024 09:20,16.6,20.21,0.691
2636,26-11-2024 09:20,16.93,12,0.999
2637,26-11-2024 09:20,86.9,12.01,0.991
2638,26-11-2024 09:20,16.6,21,0.691
2639,26-11-2024 09:20,16.6,12.03,0.896
2640,26-11-2024 09:20,16.6,20.21,0.896
2641,26-11-2024 09:20,16.6,20.21,0.896
2642,26-11-2024 09:20,16.6,20.21,0.896
2643,26-11-2024 09:20,16.6,20.21,0.896
2644,26-11-2024 09:21,66.6,20.21,0.896
2645,26-11-2024 09:21,16.93,12.03,0.991
2646,26-11-2024 09:21,16.94,12.03,0.989
2647,26-11-2024 09:21,16.6,21,0.896
2648,26-11-2024 09:21,16.91,12.03,0.991
2649,26-11-2024 09:21,16.6,21,0.896
2650,26-11-2024 09:21,0.2,16.91,0.099
2651,26-11-2024 09:21,16.5,20.21,0.896
2652,26-11-2024 09:21,16.91,12.03,0.991
2653,26-11-2024 09:21,16.6,20.21,0.896
2654,26-11-2024 09:21,16.6,20.21,0.896
2655,26-11-2024 09:21,16.6,21,0.896
2656,26-11-2024 09:21,16.6,20.21,0.896
2657,26-11-2024 09:21,16.6,20.21,0.896
2658,26-11-2024 09:21,16.6,20.21,0.896
2659,26-11-2024 09:21,16.6,20.21,0.896
2660,26-11-2024 09:21,12.03,99.1,0.896
2661,26-11-2024 09:21,16.6,21,0.896
2662,26-11-2024 09:21,16.6,11.21,0.896
2663,26-11-2024 09:21,16.9,12.04,0.991
2664,26-11-2024 09:21,16.91,12.04,0.991
2665,26-11-2024 09:21,16.9,12.04,0.991
2666,26-11-2024 09:21,16.94,12.07,0.999
2667,26-11-2024 09:21,16.91,12.05,0.991
2668,26-11-2024 09:21,16.9,12.05,0.991
2669,26-11-2024 09:21,66.6,12.06,0.896
2670,26-11-2024 09:21,16.88,12.07,0.991
2671,26-11-2024 09:21,16.88,12.07,0.991
2672,26-11-2024 09:21,16.87,12.06,0.991
2673,26-11-2024 09:21,16.88,12.06,0.991
2674,26-11-2024 09:21,16.6,16.87,0.896
2675,26-11-2024 09:21,16.87,12.06,0.991
2676,26-11-2024 09:21,16.86,12.06,0.991
2677,26-11-2024 09:21,16.86,12.06,0.991
2678,26-11-2024 09:21,16.86,12.06,0.099
2679,26-11-2024 09:21,16.86,12.06,0.991
2680,26-11-2024 09:21,16.86,12.06,0.991
2681,26-11-2024 09:21,16.87,12.06,0.099
2682,26-11-2024 09:21,16.87,12.06,0.991
2683,26-11-2024 09:21,16.87,12.06,0.991
2684,26-11-2024 09:21,16.87,12.06,0.991
2685,26-11-2024 09:21,16.87,12.06,0.991
2686,26-11-2024 09:21,16.87,12.07,0.991
2687,26-11-2024 09:21,16.87,12.07,0.991
2688,26-11-2024 09:21,16.87,12.08,0.991
2689,26-11-2024 09:21,16.86,12.07,0.991
2690,26-11-2024 09:21,16.86,12.07,0.991
2691,26-11-2024 09:21,16.6,16.86,0.896
2692,26-11-2024 09:22,16.86,12.07,0.991
2693,26-11-2024 09:22,16.85,12.06,0.991
2694,26-11-2024 09:22,16.6,12.06,0.896
2695,26-11-2024 09:22,16.84,12.06,0.991
2696,26-11-2024 09:22,16.6,12.07,0.896
2697,26-11-2024 09:22,16.85,12.07,0.991
2698,26-11-2024 09:22,16.84,12.07,0.991
2699,26-11-2024 09:22,16.84,12.07,0.991
2700,26-11-2024 09:22,18.28,13.14,0.992
2701,26-11-2024 09:22,18.4,13.27,0.994
2702,26-11-2024 09:22,16.84,12.07,0.991
2703,26-11-2024 09:22,16.6,16.85,0.896
2704,26-11-2024 09:22,16.84,12.07,0.991
2705,26-11-2024 09:22,16.85,12.08,0.991
2706,26-11-2024 09:22,16.6,16.83,0.896
2707,26-11-2024 09:22,16.81,12.09,0.991
2708,26-11-2024 09:22,6.8,42.09,0.991
2709,26-11-2024 09:22,16.85,12.1,0.991
2710,26-11-2024 09:22,16.84,12.09,0.991
2711,26-11-2024 09:22,16.83,12.08,0.991
2712,26-11-2024 09:22,16.84,12.09,0.991
2713,26-11-2024 09:22,16.83,12.09,0.991
2714,26-11-2024 09:22,16.6,12.08,0.896
2715,26-11-2024 09:22,16.83,12.08,0.991
2716,26-11-2024 09:22,16.6,80.21,0.896
2717,26-11-2024 09:22,8.9,12.07,0.991
2718,26-11-2024 09:22,16.84,12.08,0.991
2719,26-11-2024 09:22,16.6,12.09,0.891
2720,26-11-2024 09:22,16.6,12.09,0.891
2721,26-11-2024 09:22,16.6,12.1,0.891
2722,26-11-2024 09:22,12.08,99.1,0.891
2723,26-11-2024 09:22,16.6,12.09,0.896
2724,26-11-2024 09:22,16.6,12.09,0.896
2725,26-11-2024 09:22,16.6,12.1,0.896
2726,26-11-2024 09:22,16.6,60.21,0.896
2727,26-11-2024 09:22,28.9,12.09,0.991
2728,26-11-2024 09:23,16.6,12.09,0.891
2729,26-11-2024 09:23,16.6,12.08,0.896
2730,26-11-2024 09:23,16.6,12.09,0.896
2731,26-11-2024 09:23,16.6,12.09,0.896
2732,26-11-2024 09:23,28.9,12.08,0.991
2733,26-11-2024 09:23,16.6,80.21,0.896
2734,26-11-2024 09:23,16.6,12.08,0.896
2735,26-11-2024 09:23,28.9,12.09,0.991
2736,26-11-2024 09:23,16.82,12.09,0.991
2737,26-11-2024 09:23,16.6,12.1,0.896
2738,26-11-2024 09:23,16.81,12.09,0.991
2739,26-11-2024 09:23,16.6,12.09,0.896
2740,26-11-2024 09:23,16.81,12.09,0.991
2741,26-11-2024 09:23,16.8,12.1,0.991
2742,26-11-2024 09:23,16.6,16.81,0.896
2743,26-11-2024 09:23,16.8,12.09,0.991
2744,26-11-2024 09:23,16.6,62.1,0.896
2745,26-11-2024 09:23,16.79,12.1,0.991
2746,26-11-2024 09:23,16.6,11.21,0.896
2747,26-11-2024 09:23,16.8,12.1,0.991
2748,26-11-2024 09:23,16.8,16.6,0.121
2749,26-11-2024 09:23,16.8,12.1,0.991
2750,26-11-2024 09:23,16.6,12.1,0.896
2751,26-11-2024 09:23,16.8,12.09,0.991
2752,26-11-2024 09:23,16.8,12.09,0.991
2753,26-11-2024 09:23,16.6,12.1,0.891
2754,26-11-2024 09:23,16.8,12.1,0.991
2755,26-11-2024 09:23,16.8,12.1,0.896
2756,26-11-2024 09:23,16.8,11.21,0.991
2757,26-11-2024 09:23,16.6,11.21,0.891
2758,26-11-2024 09:23,16.6,21,0.896
2759,26-11-2024 09:23,16.6,11.21,0.896
2760,26-11-2024 09:23,16.6,11.21,0.896
2761,26-11-2024 09:23,16.6,11.21,0.896
2762,26-11-2024 09:23,16.8,11.21,0.896
2763,26-11-2024 09:23,16.6,11.21,0.891
2764,26-11-2024 09:24,16.8,12.1,0.991
2765,26-11-2024 09:24,16.6,11.21,0.891
2766,26-11-2024 09:24,16.8,12.1,0.991
2767,26-11-2024 09:24,16.6,11.21,0.891
2768,26-11-2024 09:24,16.6,11.21,0.896
2769,26-11-2024 09:24,16.6,11.21,0.896
2770,26-11-2024 09:24,16.9,12.04,0.991
2771,26-11-2024 09:24,16.6,21,0.896
2772,26-11-2024 09:24,16.89,12.04,0.099
2773,26-11-2024 09:24,16.89,12.04,0.991
2774,26-11-2024 09:24,16.89,12.04,0.991
2775,26-11-2024 09:24,16.88,12.05,0.991
2776,26-11-2024 09:24,16.87,12.05,0.991
2777,26-11-2024 09:24,16.88,12.05,0.991
2778,26-11-2024 09:24,16.93,12.08,0.999
2779,26-11-2024 09:24,16.87,12.05,0.991
2780,26-11-2024 09:24,16.9,12.07,0.999
2781,26-11-2024 09:24,16.6,12.07,0.896
2782,26-11-2024 09:24,16.87,12.05,0.991
2783,26-11-2024 09:24,16.87,12.05,0.991
2784,26-11-2024 09:24,16.88,12.05,0.991
2785,26-11-2024 09:24,18.91,12.04,0.991
2786,26-11-2024 09:24,16.6,16.87,0.896
2787,26-11-2024 09:24,16.6,12.04,0.896
2788,26-11-2024 09:24,16.6,16.87,0.896
2789,26-11-2024 09:24,16.87,12.05,0.991
2790,26-11-2024 09:24,16.87,12.05,0.991
2791,26-11-2024 09:24,16.6,16.88,0.896
2792,26-11-2024 09:24,16.6,16.87,0.896
2793,26-11-2024 09:24,16.6,16.87,0.896
2794,26-11-2024 09:24,16.88,12.05,0.999
2795,26-11-2024 09:24,16.89,12.05,0.991
2796,26-11-2024 09:24,16.88,12.05,0.991
2797,26-11-2024 09:24,16.88,12.04,0.991
2798,26-11-2024 09:24,16.88,12.04,0.991
2799,26-11-2024 09:24,16.88,12.05,0.991
2800,26-11-2024 09:24,16.88,12.05,0.991
2801,26-11-2024 09:24,16.88,12.05,0.991
2802,26-11-2024 09:24,16.88,12.04,0.991
2803,26-11-2024 09:24,16.6,21,0.896
2804,26-11-2024 09:24,16.88,12.04,0.991
2805,26-11-2024 09:24,16.88,12.04,0.991
2806,26-11-2024 09:24,16.87,12.04,0.991
2807,26-11-2024 09:24,16.98,12.05,0.991
2808,26-11-2024 09:25,18.28,13.14,0.995
2809,26-11-2024 09:25,16.6,16.88,0.896
2810,26-11-2024 09:25,16.87,12.04,0.991
2811,26-11-2024 09:25,6.9,20.5,0.896
2812,26-11-2024 09:25,16.87,12.04,0.991
2813,26-11-2024 09:25,16.88,12.04,0.991
2814,26-11-2024 09:25,16.88,12.04,0.991
2815,26-11-2024 09:25,16.98,12.04,0.896
2816,26-11-2024 09:25,16.98,12.04,0.991
2817,26-11-2024 09:25,16.89,12.04,0.999
2818,26-11-2024 09:25,16.88,12.04,0.991
2819,26-11-2024 09:25,16.88,12.03,0.991
2820,26-11-2024 09:25,16.6,16.87,0.896
2821,26-11-2024 09:25,12.04,99.1,0.896
2822,26-11-2024 09:25,16.87,12.04,0.991
2823,26-11-2024 09:25,16.6,16.87,0.896
2824,26-11-2024 09:25,16.88,12.05,0.991
2825,26-11-2024 09:25,16.88,12.04,0.991
2826,26-11-2024 09:25,16.88,12.04,0.991
2827,26-11-2024 09:25,16.88,12.04,0.991
2828,26-11-2024 09:25,16.88,12.04,0.991
2829,26-11-2024 09:25,16.87,12.04,0.991
2830,26-11-2024 09:25,16.6,16.88,0.896
2831,26-11-2024 09:25,16.88,12.05,0.991
2832,26-11-2024 09:25,16.88,12.03,0.991
2833,26-11-2024 09:25,16.6,20.21,0.896
2834,26-11-2024 09:25,16.88,12.03,0.991
2835,26-11-2024 09:25,16.6,12.03,0.896
2836,26-11-2024 09:25,16.88,12.04,0.991
2837,26-11-2024 09:25,16.6,21,0.896
2838,26-11-2024 09:25,16.89,12.04,0.991
2839,26-11-2024 09:25,16.88,12.04,0.991
2840,26-11-2024 09:25,16.89,12.04,0.991
2841,26-11-2024 09:25,16.89,12.04,0.991
2842,26-11-2024 09:25,76.9,12.04,0.991
2843,26-11-2024 09:25,16.88,12.04,0.991
2844,26-11-2024 09:25,16.88,12.04,0.991
2845,26-11-2024 09:25,16.6,12.04,0.896
2846,26-11-2024 09:25,16.88,12.05,0.991
2847,26-11-2024 09:25,16.88,12.04,0.991
2848,26-11-2024 09:25,16.88,12.04,0.991
2849,26-11-2024 09:25,16.88,12.04,0.991
2850,26-11-2024 09:25,16.88,12.04,0.991
2851,26-11-2024 09:25,16.87,12.03,0.991
2852,26-11-2024 09:25,16.88,12.04,0.099
2853,26-11-2024 09:25,16.87,12.04,0.991
2854,26-11-2024 09:26,16.87,12.04,0.991
2855,26-11-2024 09:26,16.87,12.04,0.099
2856,26-11-2024 09:26,16.88,12.04,0.991
2857,26-11-2024 09:26,16.88,12.04,0.991
2858,26-11-2024 09:26,16.6,16.87,0.896
2859,26-11-2024 09:26,16.87,12.04,0.991
2860,26-11-2024 09:26,16.87,12.04,0.991
2861,26-11-2024 09:26,16.88,12.04,0.991
2862,26-11-2024 09:26,16.89,12.04,0.991
2863,26-11-2024 09:26,16.89,12.04,0.991
2864,26-11-2024 09:26,16.88,12.04,0.991
2865,26-11-2024 09:26,16.88,12.04,0.099
2866,26-11-2024 09:26,16.88,12.04,0.896
2867,26-11-2024 09:26,0.9,20.4,0.896
2868,26-11-2024 09:26,16.6,12.03,0.896
2869,26-11-2024 09:26,16.89,12.04,0.991
2870,26-11-2024 09:26,16.89,12.04,0.991
2871,26-11-2024 09:26,16.88,12.04,0.991
2872,26-11-2024 09:26,16.89,12.04,0.991
2873,26-11-2024 09:26,16.88,12.04,0.991
2874,26-11-2024 09:26,16.89,12.04,0.991
2875,26-11-2024 09:26,16.6,12.03,0.896
2876,26-11-2024 09:26,16.89,12.03,0.099
2877,26-11-2024 09:26,16.88,12.03,0.991
2878,26-11-2024 09:26,16.89,12.04,0.991
2879,26-11-2024 09:26,16.88,12.03,0.991
2880,26-11-2024 09:26,16.9,12.04,0.991
2881,26-11-2024 09:26,12.76,21,0.994
2882,26-11-2024 09:26,18.38,13.14,0.993
2883,26-11-2024 09:26,16.89,12.04,0.992
2884,26-11-2024 09:26,16.89,12.03,0.991
2885,26-11-2024 09:26,12.04,99.1,0.896
2886,26-11-2024 09:26,16.6,12.03,0.896
2887,26-11-2024 09:26,16.89,12.04,0.991
2888,26-11-2024 09:26,16.6,21,0.896
2889,26-11-2024 09:26,16.94,12.07,0.999
2890,26-11-2024 09:26,16.88,12.03,0.991
2891,26-11-2024 09:26,16.89,12.03,0.991
2892,26-11-2024 09:26,16.89,12.04,0.991
2893,26-11-2024 09:26,16.89,12.04,0.999
2894,26-11-2024 09:26,16.6,16.88,0.896
2895,26-11-2024 09:26,16.88,12.04,0.991
2896,26-11-2024 09:26,16.87,12.04,0.991
2897,26-11-2024 09:26,16.88,12.04,0.991
2898,26-11-2024 09:26,16.87,12.04,0.991
2899,26-11-2024 09:26,16.6,16.87,0.896
2900,26-11-2024 09:27,68.9,12.05,0.991
2901,26-11-2024 09:27,16.89,12.04,0.991
2902,26-11-2024 09:27,16.89,12.04,0.991
2903,26-11-2024 09:27,16.89,12.03,0.991
2904,26-11-2024 09:27,16.9,12.03,0.991
2905,26-11-2024 09:27,16.6,16.9,0.896
2906,26-11-2024 09:27,16.9,12.01,0.991
2907,26-11-2024 09:27,16.6,20.21,0.896
2908,26-11-2024 09:27,16.6,20.21,0.896
2909,26-11-2024 09:27,66.6,20.21,0.896
2910,26-11-2024 09:27,16.9,20.21,0.896
2911,26-11-2024 09:27,16.91,16.6,0.896
2912,26-11-2024 09:27,20.2,16.91,0.099
2913,26-11-2024 09:27,66.6,20.21,0.896
2914,26-11-2024 09:27,16.96,12.05,0.999
2915,26-11-2024 09:27,16.6,20.21,0.896
2916,26-11-2024 09:27,16.6,20.21,0.896
2917,26-11-2024 09:27,20.2,69.1,0.999
2918,26-11-2024 09:27,16.97,12.05,0.991
2919,26-11-2024 09:27,16.6,17.04,0.896
2920,26-11-2024 09:27,18.51,13.15,0.993
2921,26-11-2024 09:27,66.6,18.36,0.896
2922,26-11-2024 09:27,26.6,13.05,0.001
2923,26-11-2024 09:27,18.36,13.04,0.999
2924,26-11-2024 09:27,26.6,18.36,0.896
2925,26-11-2024 09:27,66.6,13.04,0
2926,26-11-2024 09:27,6.6,20.11,0.091
2927,26-11-2024 09:27,6.6,1.3,0.896
2928,26-11-2024 09:28,18.38,13.04,0.999
2929,26-11-2024 09:28,6.6,18.38,0.896
2930,26-11-2024 09:28,18.38,13.05,0.896
2931,26-11-2024 09:28,18.38,13.01,0.993
2932,26-11-2024 09:28,18.39,13.01,0.993
2933,26-11-2024 09:28,18.4,13,0.993
2934,26-11-2024 09:28,18.4,13,0.993
2935,26-11-2024 09:28,18.4,12.99,0.66
2936,26-11-2024 09:28,18.4,12.99,0.993
2937,26-11-2024 09:28,18.4,12.98,0.993
2938,26-11-2024 09:28,18.41,12.99,0.993
2939,26-11-2024 09:28,18.4,12.98,0.999
2940,26-11-2024 09:28,18.41,12.99,0.999
2941,26-11-2024 09:28,18.4,12.98,0.992
2942,26-11-2024 09:28,18.4,12.98,0.993
2943,26-11-2024 09:28,18.4,12.98,0.999
2944,26-11-2024 09:28,18.41,12.98,0.999
2945,26-11-2024 09:28,18.42,12.99,0.999
2946,26-11-2024 09:28,18.41,12.98,0.992
2947,26-11-2024 09:28,26.6,18.41,0.896
2948,26-11-2024 09:28,18.42,12.97,0.993
2949,26-11-2024 09:28,2.8,12.97,0.999
2950,26-11-2024 09:28,18.43,12.97,0.999
2951,11-10-2024 14:54,84.4,58.22,0.943
2952,09-12-2024 14:00,22.6,16.58,0.994
2953,09-12-2024 14:07,22.6,16.45,0.999
2954,09-12-2024 14:12,23,16.76,0.999
2955,09-12-2024 14:17,24.8,18.11,0.999
2956,09-12-2024 14:22,24.1,17.54,0.999
2957,09-12-2024 14:27,24.4,17.75,0.999
2958,09-12-2024 14:32,23.4,17.01,0.992
2959,09-12-2024 14:37,23.3,17.01,0.993
2960,09-12-2024 14:42,25.4,18.5,0.993
2961,09-12-2024 14:57,26.9,19.62,0.999
2962,09-12-2024 15:02,25.9,19,0.999
2963,09-12-2024 15:07,25.8,18.85,0.999
2964,09-12-2024 15:12,27.7,20.24,0.994
2965,09-12-2024 15:17,44.6,1,0.946
2966,09-12-2024 15:23,26.3,19.22,0.999
2967,09-12-2024 15:28,27.7,20.27,0.999
2968,09-12-2024 15:33,34.8,25.03,0.978
2969,09-12-2024 15:48,29.5,21.68,0.996
2970,09-12-2024 15:53,23.4,20.9,0.999
2971,09-12-2024 15:58,44.8,31.65,0.956
2972,09-12-2024 16:03,28,20.5,0.995
2973,09-12-2024 16:08,26.3,19.25,0.997
2974,09-12-2024 16:13,26.1,19.12,0.997
2975,09-12-2024 16:18,27,19.81,0.999
2976,09-12-2024 16:23,26.8,19.67,0.999
2977,09-12-2024 16:28,25,18.37,0.997
2978,09-12-2024 16:48,26.3,19.28,0.999
2979,09-12-2024 16:53,32.2,23.33,0.984
2980,09-12-2024 16:58,23.7,17.38,0.996
2981,09-12-2024 17:03,23.9,17.55,0.996
2982,09-12-2024 17:13,23.3,16.75,0.997
2983,09-12-2024 17:18,22.5,16.03,0.996
2984,09-12-2024 17:23,34.5,23.74,0.961
2985,09-12-2024 17:28,22.5,16.03,0.995
2986,09-12-2024 17:33,22.3,15.88,0.996
2987,09-12-2024 17:38,22.6,16,0.996
2988,09-12-2024 17:43,22.6,16.03,0.999
2989,09-12-2024 17:48,23.6,16.69,0.998
2990,09-12-2024 17:53,26.6,55.1,0.896
2991,09-12-2024 18:08,29.7,20.81,0.984
2992,09-12-2024 18:13,23.1,16.33,0.995
2993,09-12-2024 18:18,23,16.3,0.994
2994,09-12-2024 18:23,21.9,15.58,0.993
2995,09-12-2024 18:28,20.9,14.8,0.999
2996,09-12-2024 18:33,19.42,13.79,0.998
2997,09-12-2024 18:39,14.97,99.4,0.896
2998,09-12-2024 18:44,21,14.96,0.994
2999,09-12-2024 18:49,15.41,99.8,0.896
3000,09-12-2024 19:09,20.7,14.82,0.994
3001,09-12-2024 19:14,21.5,15.37,0.992
3002,09-12-2024 19:19,21.3,15.25,0.993
3003,09-12-2024 19:24,20.4,14.64,0.998
3004,09-12-2024 19:29,20.3,14.58,0.993
3005,09-12-2024 19:34,20.4,14.62,0.993
3006,09-12-2024 19:39,20.3,14.64,0.993
3007,09-12-2024 19:44,22.1,15.9,0.994
3008,09-12-2024 19:49,26.1,15.24,0.994
3009,09-12-2024 20:04,18.59,13.28,0.993
3010,09-12-2024 20:09,6.6,18.55,0.896
3011,09-12-2024 20:14,19.49,13.87,0.992
3012,09-12-2024 20:19,19.36,13.8,0.992
3013,09-12-2024 20:24,18.96,13.49,0.994
3014,09-12-2024 20:29,18.6,13.15,0.993
3015,09-12-2024 20:54,18.49,13.04,0.993
3016,09-12-2024 20:59,18.47,13.05,0.993
3017,09-12-2024 21:04,18.68,13.15,0.993
3018,09-12-2024 21:09,18.63,13.14,0.993
3019,09-12-2024 21:14,19.53,13.78,0.992
3020,09-12-2024 21:19,19.45,13.72,0.992
3021,09-12-2024 21:24,18.63,13.16,0.993
3022,09-12-2024 21:39,18.61,13.15,0.993
3023,09-12-2024 21:44,19.46,13.74,0.992
3024,09-12-2024 21:49,18.86,13.35,0.992
3025,09-12-2024 21:54,18.53,13.13,0.993
3026,09-12-2024 21:59,18.53,13.14,0.993
3027,09-12-2024 22:04,18.54,13.12,0.993
3028,09-12-2024 22:09,18.55,13.12,0.993
3029,09-12-2024 22:14,19.42,13.72,0.992
3030,09-12-2024 22:29,18.41,13.05,0.993
3031,09-12-2024 22:34,18.42,13.06,0.993
3032,09-12-2024 22:39,18.42,13.06,0.993
3033,09-12-2024 22:44,19.22,13.63,0.992
3034,09-12-2024 22:49,18.3,13.01,0.993
3035,09-12-2024 22:54,18.3,13.01,0.993
3036,09-12-2024 22:59,18.29,13.03,0.993
3037,09-12-2024 23:04,18.3,13.03,0.993
3038,09-12-2024 23:09,19.28,13.72,0.991
3039,09-12-2024 23:14,26.6,19.12,0.896
